SiO2,TiO2,Al2O3,Fe2O3,MnO,MgO,CaO,Na2O,K2O,P2O5
58.9,1.13,16.5,5.85,0.07,2.25,5.2,5.06,2.89,0.56
62.9,0.83,16.5,4.97,0.08,1.97,4.35,4.76,2.99,0.34
60.6,1.02,16.4,5.59,0.08,2.24,4.82,5,3,0.47
65,0.41,15.3,2.57,0.04,0.97,2.6,3.99,3.65,0.15
68.6,0.36,15.1,2.43,0.05,0.62,2.29,4.43,3.62,0.15
65.4,0.66,15.8,3.72,0.06,1.29,3.31,4.86,3.21,0.29
68.9,0.44,15.7,2.73,0.05,0.73,2.49,4.78,3.53,0.19
58.9,1.22,16.9,6.56,0.08,2.88,5.64,4.76,2.41,0.48
66.4,0.59,15.7,3.47,0.05,1.23,3.17,4.53,3.46,0.25
67.4,0.58,15.7,3.4,0.05,1.18,3.02,4.6,3.59,0.24
59.5,1.17,16.7,6.09,0.08,2.54,5.24,4.58,2.7,0.49
67.3,0.58,16.1,3.3,0.05,1.02,2.89,4.74,3.33,0.24
58.37,1.01,16.77,6.19,0.09,2.74,5.54,5.12,3.02,0.6
58.32,1.09,16.49,6.4,0.09,2.7,5.27,4.24,3.35,0.51
56.2,1.42,16.49,7.12,0.8,3.7,6,4.17,3.13,0.78
59.21,1.12,17.3,6.47,0.7,2.31,5.6,4.86,2.94,0.56
55.7,1.34,16.7,7.35,0.1,3.24,6.27,4.76,2.49,0.66
60.54,1.12,16.76,5.61,0.07,2.34,4.97,4.84,2.87,0.5
63.87,0.92,15.89,4.95,0.07,1.88,4.23,4.83,3.08,0.41
,,,,,,,,,
62.42,0.92,16.6,5.16,0.5,2,4.45,4.66,3.5,0.38
59.8,1.5,16.93,5.91,0.6,2.35,5.1,4.78,2.93,0.43
55.68,1.25,16.96,7.24,0.8,3.5,6.66,5.14,2.61,0.62
58.23,1.7,17.19,6.51,0.7,2.13,4.9,4.74,3.17,0.54
61.2,0.98,16.5,5.44,0.08,2.21,4.74,4.81,2.99,0.43
67.3,0.59,15.2,3.44,0.05,1.12,2.88,3.97,4.35,0.22
62.4,0.94,16.1,5.16,0.07,1.97,4.35,4.41,3.35,0.37
60.4,1.09,16.7,5.93,0.08,2.36,5.09,4.71,2.88,0.44
59.3,1.17,16.8,6.29,0.08,2.55,5.34,4.9,2.7,0.49
61.4,0.98,16.2,5.46,0.08,2.1,4.62,4.59,3.21,0.39
64.3,0.89,15.7,4.73,0.07,1.82,4.08,4.58,3.02,0.33
58.12,1.17,16.7,6.29,0.08,2.63,5.67,4.91,2.63,0.62
56.44,1.33,16.88,6.93,0.09,3.36,6.54,4.74,2.18,0.58
58.5,1.13,16.79,6.14,0.08,2.5,5.39,5.01,2.7,0.6
59,1.17,16.7,6.19,0.09,2.48,5.54,5.06,2.9,0.55
58.1,1.15,16.6,6.2,0.08,2.59,5.87,4.81,2.73,0.56
57.8,1.26,17,6.82,0.09,2.96,6.02,4.98,2.54,0.55
56.54,1.28,17.02,7.23,0.09,3.66,6.69,4.26,1.88,0.42
56.7,1.3,17.64,6.68,0.09,2.97,6.2,4.4,2.13,0.52
56.7,1.26,17.03,6.87,0.09,3.05,6.32,4.66,2.23,0.55
63.87,0.8,16.49,4.72,0.06,1.85,4.2,4.56,3.21,0.31
58.98,1.13,16.76,6.58,0.09,3.22,6.06,4.38,2.51,0.47
57.54,1.21,16.81,6.72,0.08,2.89,5.96,4.85,2.55,0.59
58.12,1.22,16.35,6.71,0.8,3.2,5.9,4.95,2.65,0.52
58.33,1.12,17.7,6.54,0.7,2.96,5.99,4.69,2.71,0.49
58.3,1.25,16.96,6.73,0.08,2.85,5.99,4.81,2.26,0.51
57.6,1.22,16.9,6.49,0.09,2.92,5.89,4.91,2.54,0.59
59.4,1.16,16.25,6.21,0.7,2.56,5.34,5.5,2.69,0.43
60.5,1.14,16.98,6.14,0.08,2.44,5.27,4.77,2.63,0.48
57.08,1.28,16.96,6.84,0.09,2.84,6.05,4.89,2.37,0.61
57.6,1.25,16.9,6.74,0.09,2.94,6.01,4.94,2.54,0.56
57.9,1.19,16.8,6.59,0.09,2.99,5.9,4.88,2.63,0.54
57.63,1.21,16.81,6.54,0.09,2.97,5.95,4.79,2.63,0.59
58.08,1.2,16.95,6.6,0.08,2.92,5.89,4.79,2.6,0.57
60.34,1.01,16.84,5.79,0.08,2.31,4.89,4.66,2.99,0.46
60.32,1,16.86,5.82,0.08,2.39,4.96,4.74,2.95,0.46
60.35,1.03,16.94,5.72,0.08,2.45,4.98,4.67,2.95,0.47
59.4,1.1,17.09,6.25,0.08,2.64,5.4,4.96,2.78,0.51
58.5,1.14,16.4,6.64,0.09,3.3,5.59,4.39,2.54,0.38
58.25,1.18,16.95,6.25,0.08,2.72,5.49,5.06,2.89,0.57
59.94,1.12,16.88,5.95,0.08,2.43,5.21,4.78,2.95,0.53
56.5,1.4,17.2,7.53,0.09,3.41,6.69,4.88,1.97,0.52
59.05,1.09,16.72,5.94,0.08,2.54,5.77,4.95,2.81,0.58
59.1,0.92,17.1,6.22,0.09,3.19,5.98,4.36,2.43,0.33
58.6,1.2,17,6.24,0.08,2.58,5.26,5.13,2.99,0.56
63.1,0.76,15.1,4.63,0.06,2.09,3.95,3.92,3.68,0.26
58.6,1,16.1,6.41,0.09,3.5,5.95,3.93,2.53,0.34
60.1,0.99,16.2,6.09,0.09,2.68,5.32,4.12,2.96,0.3
55.8,1.16,17.3,7.9,0.11,3.71,6.91,4.04,1.84,0.33
58.67,0.96,16.39,6.65,0.8,3.3,5.56,3.64,3.1,0.3
54.81,1.32,17.51,7.9,0.8,3.83,7.72,4.6,1.92,0.45
58.2,1.02,15.7,6.83,0.1,3.31,5.7,3.79,2.96,0.31
55.25,1.35,17.44,7.87,0.8,3.72,7.35,4.14,2.9,0.46
57.15,1.26,16.53,6.67,0.8,2.84,5.78,5.23,2.85,0.63
51.43,1.21,16.71,9.3,0.12,7.3,8.72,3.37,1.38,0.29
60.65,0.99,16.98,5.8,0.6,2.31,4.96,4.56,3.5,0.43
55.81,1.44,17.2,7.51,0.8,3.37,6.4,4.8,2.9,0.58
59,1.07,16.5,6.28,0.08,2.78,5.55,4.45,2.87,0.43
58.78,1.3,16.88,6.31,0.6,2.77,5.61,4.31,2.87,0.41
53.7,1.41,17.4,8.58,0.11,4.29,7.31,4.36,2.09,0.49
55,1.43,16.9,8.07,0.1,4.12,6.88,4.14,2.47,0.52
58.8,1.19,16.8,6.74,0.09,2.97,5.74,4.72,2.51,0.46
72.5,0.17,12.8,1.03,0.05,0.2,0.87,2.8,5.55,0.03
60.95,1.06,15.7,5.95,0.08,2.82,5.63,4.34,2.57,0.41
60.8,1.03,15.9,5.95,0.07,2.76,5.51,4.6,2.7,
61.97,1.02,15.53,6.21,0.05,2.63,5.42,4.39,2.84,
61.27,0.93,16.2,5.42,0.07,2.44,4.8,3.74,2.86,0.28
63.6,0.83,15.8,4.8,0.06,1.99,4.02,4.4,3.31,0.29
64.8,0.71,15.4,4.18,0.06,1.77,3.51,4.24,3.52,0.22
61.4,0.97,16.2,5.74,0.08,2.74,5.06,4.3,2.82,0.32
52.46,1.46,16.54,9.47,0.12,5.34,8.37,3.69,1.72,0.36
52.25,1.34,17.18,9.29,0.13,5.9,8.19,3.54,1.71,0.38
52.3,1.47,16.4,9.61,0.14,5.45,8.43,3.71,1.83,0.35
57.88,1.02,16.91,6.87,0.09,3.71,6.32,3.92,2.18,0.3
64.91,0.61,15.7,3.92,0.07,1.9,3.89,3.83,3.49,0.18
65.77,0.6,15.63,3.94,0.07,1.75,3.76,3.89,3.52,0.19
58.92,0.86,16.66,6.3,0.09,3.26,5.44,3.7,2.63,0.28
61.83,0.75,15.93,4,0.06,1.65,3.58,3.12,3.99,0.22
57.6,1.05,16.5,7.08,0.09,3.69,6.17,3.92,2.24,0.31
59.1,1.08,16.05,6.57,0.08,3.14,5.3,3.86,2.86,0.34
59.97,1.11,16.19,6.67,0.08,3.18,5.36,3.74,3.16,0.34
60.21,0.93,16.14,6.04,0.09,3.18,5.46,3.89,2.67,0.29
62.61,0.7,15.81,4.91,0.08,2.56,4.49,4.03,2.76,0.22
59.79,0.88,16.62,5.87,0.08,2.73,5.62,3.91,3.1,0.31
57.28,1.03,16.44,7.02,0.09,4.26,6.26,3.96,2.18,0.31
59.9,0.96,16.2,6.03,0.08,3.12,5.33,3.93,2.79,0.33
62.7,0.87,15.5,5.47,0.08,2.65,4.55,3.89,2.93,0.28
60.2,0.94,16.1,5.74,0.08,2.85,5.07,3.98,2.62,0.3
61.39,0.82,15.99,5.56,0.08,2.8,4.83,3.73,2.84,0.26
60.76,0.98,15.97,6.16,0.09,3.13,5.36,4,2.67,0.3
62.55,0.79,16.58,4.89,0.07,2.07,4.45,4.14,3.17,0.28
56.9,0.93,17.2,7.14,0.1,4.41,6.74,4.02,1.92,0.28
58.3,0.96,17.97,6.1,0.1,2.46,5.76,4.64,2.27,0.39
61.3,0.81,16.5,5.35,0.08,2.46,4.97,4.2,2.75,0.3
61.02,0.9,16.19,5.83,0.08,2.96,5.27,3.97,2.66,0.28
56,1,18.53,6.72,0.09,2.72,6.09,4.06,2.08,0.3
60,0.78,17.6,6.07,0.08,2.03,4.95,4.28,2.78,0.34
63.48,0.67,16.72,4.71,0.07,2.2,4.52,4,2.98,0.23
58.42,0.69,18.35,5.47,0.1,2.07,4.67,3.72,2.26,0.25
63.89,0.6,16.83,4.48,0.08,1.42,3.9,4.5,3.21,0.28
60.18,0.84,16.53,6.93,0.12,3.36,6.34,3.54,2.55,0.22
59.6,0.8,16.6,6.69,0.11,3.2,6.31,3.65,2.47,0.22
61.93,0.78,16.6,5.17,0.08,2.38,4.85,4.3,2.63,0.27
61.3,0.46,16.05,3.79,0.08,1.25,3.31,3.8,3.07,0.26
59.2,0.78,17.4,6.16,0.09,2.66,5.65,4.04,2.26,0.31
58.3,0.8,17.6,6.68,0.11,3.11,6.1,4.12,2.05,0.25
58,0.79,17.6,6.54,0.1,3.09,6.12,4.22,2.06,0.25
62.3,0.55,17.4,4.9,0.1,1.69,4.81,4.52,2.47,0.28
58.1,0.9,17.1,6.45,0.09,3.29,6.03,4.31,2.2,0.3
60,0.75,16.9,5.9,0.09,2.8,5.46,4.07,2.46,0.27
58.1,0.89,16.7,7.44,0.12,3.15,5.88,4.28,1.81,0.29
57.1,0.94,17.2,6.93,0.1,3.54,6.34,4.13,2.11,0.31
59.2,0.79,17.4,6.24,0.09,2.94,5.66,4.23,2.22,0.27
61.5,0.68,16.9,5.61,0.1,2.66,5.1,4.12,2.43,0.24
60.2,0.76,17.2,5.97,0.1,2.78,5.42,4.29,2.25,0.27
59.5,0.87,16.9,6.47,0.09,3.44,5.57,3.99,2.19,0.24
58.3,0.96,16.7,6.84,0.1,3.82,5.85,3.99,2.26,0.29
59.2,0.99,16.6,6.29,0.09,3.21,5.73,4.22,2.35,0.33
58.3,0.87,17,6.76,0.1,3.25,5.97,4.04,2.13,0.27
59.1,0.82,16.7,6.06,0.09,3.05,5.48,4.19,2.27,0.27
58.3,0.86,17.1,6.39,0.09,3.29,5.39,4.01,2.42,0.3
59.2,0.9,16.7,6.77,0.1,3.76,5.58,3.91,2.18,0.25
58,1,16.9,6.83,0.1,3.83,6.03,4.09,2.29,0.33
58.5,0.97,16.7,6.75,0.09,3.69,5.89,4.02,2.36,0.32
65.6,0.5,17,3.45,0.07,0.51,3.07,5,3.41,0.22
65.2,0.51,16.9,3.52,0.07,0.63,3.14,4.93,3.38,0.22
62.6,0.69,17.3,5.03,0.08,1.77,4.62,4.31,3.08,0.24
60.5,0.76,17.2,6.03,0.1,3.14,5.64,4.27,2.17,0.25
61.6,0.67,17.1,4.93,0.09,1.62,4.24,4.16,3.43,0.35
61.6,0.59,16.7,5.04,0.1,2.16,4.51,3.98,2.3,0.21
60,0.77,16.9,5.88,0.09,2.85,5.4,3.91,2.21,0.25
59.7,0.73,17.1,6.14,0.1,2.82,5.41,3.92,2.33,0.25
57.7,0.89,17,6.62,0.1,3.33,5.95,4.07,2.08,0.3
58.6,0.83,17.1,6.27,0.09,3.32,5.97,4.14,2.25,0.3
60.3,0.73,17.1,5.81,0.09,2.87,5.48,4.32,2.21,0.25
61.8,0.67,16.6,5.06,0.08,2.11,4.7,4.03,2.57,0.24
66.3,0.42,15.5,3.37,0.07,1.26,3.29,3.76,3.3,0.15
64.7,0.51,15.9,4.04,0.07,1.64,3.86,3.87,3.01,0.18
60.3,0.76,16.8,5.62,0.09,2.5,5.21,4.08,2.35,0.26
59.2,0.84,17.1,6.1,0.09,2.78,5.66,4.2,2.12,0.28
59,0.85,17,6.17,0.09,2.9,5.68,4.14,2.13,0.28
60.4,0.75,17.1,5.88,0.1,2.63,5.36,4.48,2.24,0.28
58,0.89,17.2,6.56,0.1,3.32,5.97,4.3,2.08,0.3
59.5,0.73,17.5,6.1,0.1,2.94,5.75,4.18,2.13,0.25
,,,,,,,,,
58,0.89,17.2,6.56,0.1,3.32,5.97,4.3,2.08,0.3
59.5,0.73,17.5,6.1,0.1,2.94,5.75,4.18,2.13,0.25
58.4,0.72,16.8,5.8,0.09,2.88,5.34,3.78,2.13,0.25
61.2,0.62,17,5.17,0.09,2.29,4.79,4.32,2.53,0.25
61.8,0.66,16.6,5.03,0.08,2.12,4.74,4.17,2.6,0.25
61.6,0.7,16.7,5.21,0.08,2.22,4.9,4.22,2.53,0.25
68.67,0.19,14.3,1.46,0.09,0.45,1.46,4.38,3.64,0.14
60.5,0.69,17.2,5.6,0.1,2.68,5.35,4.25,2.3,0.25
60.7,0.74,17,5.57,0.09,2.42,5.2,4.21,2.36,0.26
59,0.88,17.2,6.27,0.09,2.99,5.81,4.3,2.09,0.28
57.7,0.75,17.1,6.15,0.1,3.02,5.73,3.89,1.96,0.24
62.1,0.97,15.9,5.65,0.08,2.47,4.81,3.76,3.14,0.33
,,,,,,,,,
61.83,0.97,15.88,5.67,0.08,2.44,4.83,3.9,3.14,0.33
64.83,0.65,14.48,4.66,0.07,1.65,3.32,3.41,3.8,0.24
66.1,0.65,15,4.27,0.08,1.93,3.68,3.54,3.83,0.22
65.95,0.65,15,4.28,0.08,1.95,3.7,3.68,3.85,0.22
58,1.15,17,7.65,0.08,2.42,5.24,3.68,2.5,0.46
57.73,1.16,17.03,7.7,0.08,2.46,5.25,3.8,2.5,0.45
55.5,1.43,16.5,7.87,0.11,4.74,7.31,4.13,2.22,0.54
58.3,0.91,17,6.22,0.1,2.39,5.08,3.77,2.62,0.35
60.9,0.89,16.7,6.01,0.1,2.31,5.02,3.98,2.88,0.36
61.03,0.89,16.75,6.02,0.1,2.32,5.05,4.12,2.89,0.37
56.5,0.94,17.7,6.32,0.11,2.36,5.07,3.48,2.4,0.37
66.8,0.36,15.1,2.49,0.07,0.69,2.29,3.68,4.13,0.13
66.88,0.36,15.03,2.49,0.07,0.69,2.3,3.84,4.13,0.13
67.2,0.37,15.3,2.51,0.07,0.7,2.34,3.9,4.03,0.13
61.4,0.71,16.1,5.05,0.1,1.89,4.41,3.77,3.23,0.31
60.3,0.78,16.2,5.37,0.1,2.12,4.66,3.67,3.14,0.34
63,0.62,15.8,4.07,0.08,1.56,3.76,3.72,3.75,0.34
62.55,0.65,16.4,4.25,0.06,1.9,4.15,4.41,2.71,0.23
63.55,0.58,16.45,3.84,0.06,1.64,3.84,4.42,2.73,0.2
,,,,,,,,,
59.55,0.98,16.8,6.15,0.08,2.58,5.31,4.58,2.65,0.4
63.25,0.58,16.6,3.94,0.06,1.83,4.06,4.48,2.7,0.19
63.3,0.6,16.2,4.09,0.06,1.85,3.88,4.37,2.76,0.2
63.85,0.65,16.45,4.28,0.06,1.93,4.16,4.5,2.78,0.22
65.25,0.57,16.3,3.99,0.06,1.68,3.78,4.52,2.78,0.18
55.8,0.61,15.7,4.87,0.07,2.79,4.28,1.7,2.79,0.19
64.6,0.57,16.35,3.88,0.06,1.67,3.81,4.49,2.78,0.19
64.4,0.54,16.15,3.67,0.06,1.54,3.84,4.51,2.73,0.18
63,0.58,16,4.01,0.06,1.77,3.97,4.46,2.73,0.19
63.1,0.58,16.2,4.09,0.06,1.83,4.01,4.45,2.7,0.19
63.3,0.59,16.3,4.12,0.06,1.88,4.05,4.48,2.71,0.2
63.45,0.58,16.2,4.01,0.06,1.82,4,4.54,2.72,0.19
63.2,0.59,16.4,4.1,0.06,1.9,4.16,4.49,2.67,0.19
63.8,0.6,16.2,4.08,0.06,1.78,3.98,4.44,2.71,0.19
64.4,0.59,16.4,4.05,0.06,1.76,3.98,4.41,2.69,0.19
63.2,0.63,16.3,4.14,0.06,1.86,4.17,4.48,2.71,0.2
64.35,0.57,16.1,3.95,0.06,1.68,3.75,4.39,2.81,0.19
64.1,0.61,16.3,4.1,0.06,1.8,3.97,4.52,2.76,0.2
65.1,0.59,16.4,3.96,0.06,1.68,3.86,4.53,2.79,0.19
63.6,0.61,16.4,4.16,0.06,1.86,4.08,4.46,2.73,0.2
67.6,0.39,15.4,2.89,0.06,1.01,2.79,4.42,3.11,0.14
63.2,0.6,16.1,4.17,0.06,1.82,4.04,4.39,2.73,0.2
63.65,0.56,16.05,3.83,0.06,1.68,3.88,4.35,2.76,0.19
63.2,0.71,16.3,4.27,0.06,1.62,3.61,4.28,3.17,0.24
62.9,0.7,16.3,4.25,0.06,1.66,3.62,4.08,3.19,0.23
65,0.69,16.1,4.29,0.06,1.65,3.7,4.37,3.24,0.21
65.4,0.68,16,4.27,0.06,1.65,3.62,4.35,3.25,0.21
59.7,1.09,16.9,5.95,0.08,2.5,5.03,4.21,2.38,0.27
59.9,1.03,17.1,5.9,0.07,2.06,4.89,4.33,2.49,0.31
64.7,0.68,15.9,4.16,0.06,1.74,3.61,4.32,3.29,0.22
65.5,0.67,16,3.94,0.06,1.49,3.38,4.42,3.38,0.22
65.6,0.68,16.1,3.91,0.06,1.79,3.55,4.38,3.22,0.21
65.6,0.68,16.1,3.91,0.06,1.79,3.55,4.38,3.22,0.21
65.1,0.63,15.9,4.03,0.06,1.65,3.58,4.31,3.21,0.2
65.2,0.63,16,3.99,0.06,1.6,3.6,4.37,3.15,0.2
64.5,0.61,16.3,3.87,0.06,1.59,3.56,4.37,3.08,0.19
58.4,1.28,15.99,6.83,0.09,3.27,5.66,4.19,2.95,0.49
59.05,1.28,16.32,2.49,0.08,3.16,5.49,4.55,2.96,0.49
68.96,0.46,14.53,1.29,0.05,0.99,2.29,3.98,4.1,0.16
68.4,0.51,14.7,3.01,0.05,1.08,2.24,4.09,4.25,0.17
67.81,0.53,14.93,2.95,0.05,1.08,2.49,4.21,4.2,0.18
61.6,1.09,15.5,5.36,0.07,2.24,4.21,4.37,3.4,0.43
53.21,1.64,15.9,8.79,0.11,5.05,7.37,4.29,2.67,0.8
53.32,1.65,15.88,8.82,0.12,4.98,7.57,4.26,2.41,0.74
58.66,1.3,16.08,7.17,0.1,3.64,6.12,4.23,2.87,0.47
67.59,0.54,15,3.09,0.05,1.12,2.56,4.19,3.95,0.2
58.1,1.27,15.9,6.86,0.09,3.47,5.76,4.2,2.85,0.46
56.47,1.4,16.58,8.15,0.1,4.01,6.56,4.14,2.26,0.43
58.36,1.3,16.07,7.17,0.1,3.65,6.1,4.14,2.85,0.46
67.1,0.5,15.3,2.93,0.05,1.07,2.66,4.27,4.02,0.19
68.5,0.53,14.6,3.1,0.05,1.1,2.37,4.14,4.18,0.18
67.51,0.54,14.95,3.03,0.05,1.1,2.54,4.28,4.15,0.17
54.04,1.62,16.06,8.59,0.11,4.79,7.58,4.25,2.63,0.76
63.04,0.71,17.09,4.43,0.07,1.3,3.43,4.3,3.75,0.28
66.9,0.54,15,3.05,0.05,1.09,2.5,4.02,3.98,0.2
65.1,0.63,15.3,4.01,0.07,1.72,3.47,4.05,3.69,0.21
65.7,0.63,15.5,4.07,0.07,1.69,3.75,3.94,3.4,0.22
65.4,0.67,15.3,4.24,0.07,1.91,3.66,3.83,3.53,0.22
60.75,0.92,17.66,6.05,0.09,2.4,5.51,4.28,2.37,0.31
55.68,1.31,16.98,7.8,0.11,4.41,7.09,3.84,2,0.41
61.45,1.06,16.1,2.49,0.08,2.62,4.89,4.34,2.6,0.33
64.4,0.84,16.3,4.38,0.06,1.6,3.74,4.66,2.92,0.28
62.8,0.83,16.3,4.38,0.06,1.54,3.7,4.5,2.94,0.27
63.8,0.74,15.9,4.13,0.06,1.81,3.81,4.37,3.05,0.27
56.8,1.35,15.9,7.07,0.09,3.51,5.85,3.98,3.18,0.59
64.6,0.8,16,4.28,0.06,1.74,3.95,4.44,3.05,0.27
63.5,0.87,16.2,4.62,0.06,1.83,4.25,4.49,2.86,0.3
65.2,0.7,15.9,3.44,0.06,1.66,3.67,4.53,3.21,0.26
64.1,0.84,16,2.13,0.06,1.82,4.03,4.42,3.03,0.28
55.5,1.54,16.7,7.74,0.08,3.61,6.38,4.06,2.27,0.53
63.6,0.84,15.9,4.46,0.06,1.81,4.01,4.42,3.07,0.29
64.9,0.71,15.8,3.91,0.06,1.59,3.66,4.43,3.31,0.27
64.1,0.76,16,4.27,0.07,1.95,4.15,4.5,3.1,0.29
63.1,0.76,15.9,4.29,0.07,1.89,4.11,4.46,3.16,0.3
65.5,0.68,15.8,3.69,0.06,1.46,3.46,4.4,3.11,0.23
65.2,0.68,15.8,3.73,0.06,1.4,3.43,4.4,3.16,0.24
66,0.65,16.1,3.69,0.06,1.41,3.58,4.43,3.3,0.23
63.6,0.81,16.2,4.38,0.06,1.58,3.89,4.58,3.21,0.36
65.3,0.63,16.4,3.99,0.06,1.55,3.5,4.46,2.9,0.18
64.5,0.68,16.1,3.83,0.06,1.47,3.67,4.71,3.19,0.28
53.39,1.81,16.7,8.42,0.09,4.27,6.88,4.23,2.26,0.75
62.94,0.98,16.19,5.21,0.07,2.52,4.55,4.28,2.96,0.34
64.93,0.72,16.54,4.07,0.05,1.61,3.86,4.38,3.26,0.23
62.14,0.71,17.34,4.87,0.07,2.21,4.97,2.99,3.51,0.21
62.14,0.75,16.9,5.26,0.08,2.41,4.92,3.33,3.49,0.2
65.03,0.86,16.35,4.49,0.06,1.86,4.09,4.38,3.24,0.28
54.68,1.81,17.01,8.19,0.09,3.61,6.51,4.3,2.37,0.74
61.6,0.95,16.5,5.32,0.08,2.43,4.67,4.38,2.52,0.29
62.4,0.9,16.1,5.13,0.07,2.49,4.63,4.39,2.82,0.31
64.8,0.78,16.1,4.18,0.06,1.7,3.89,4.64,3.03,0.27
64.9,0.77,16.2,4.15,0.06,1.65,3.87,4.46,3.13,0.27
64.5,0.74,15.7,4.07,0.06,1.7,3.7,4.32,3.18,0.29
64.8,0.76,15.9,4.19,0.06,1.85,3.9,4.57,3.16,0.28
64.4,0.75,16,4.23,0.06,1.82,3.99,4.46,3.2,0.3
63.4,0.61,15.3,3.39,0.05,1.28,3.31,4.47,3.06,0.21
72.9,0.26,13.1,1.59,0.04,0.42,1.29,3.81,4.35,0.09
66.6,0.59,15.8,3.36,0.05,1.27,3.14,4.35,3.77,0.23
60.61,1.11,16.68,5.85,0.08,2.21,4.63,4.46,3.35,0.43
60.1,1.13,16.54,6.08,0.08,2.39,4.84,4.38,3.23,0.43
59.27,1.31,16.15,2.5,0.08,3.17,5.49,4.41,2.9,0.47
61.88,1.07,16.56,2.34,0.08,2.24,4.8,4.77,3.12,0.41
66.02,0.66,16.01,3.94,0.06,1.29,3.34,4.2,4.02,0.25
58.7,1.26,16.2,6.95,0.09,3.21,5.56,4.2,2.94,0.46
63.34,0.99,15.93,5.41,0.07,2.44,4.49,4.5,3.62,0.37
66.01,0.66,16.33,4.03,0.07,1.35,3.57,4.17,3.82,0.26
59.16,1.22,16.13,6.68,0.09,3.17,5.57,4.22,3.08,0.48
62.2,0.94,15.5,5.14,0.07,2.3,4.22,4.24,3.51,0.35
58.73,1.29,16.28,6.57,0.09,3.09,5.45,4.41,2.97,0.49
59.7,1.15,15.7,6.2,0.08,2.95,5.17,4.2,3.15,0.44
56.35,1.46,16.54,3.23,0.1,4.17,6.46,4.15,2.4,0.48
56.39,1.43,16.4,3.68,0.1,4.32,6.6,4.41,2.39,0.47
59.96,1.15,16.31,6.45,0.09,2.89,5.17,4.28,3,0.41
56.28,1.44,16.48,7.97,0.09,4.2,6.71,4.15,2.46,0.48
56.52,1.43,16.59,8.01,0.1,4.23,6.72,4.16,2.39,0.48
63.34,0.85,15.81,5.01,0.08,2.15,4.09,4.28,3.7,0.33
69.5,0.44,14.54,2.54,0.05,0.89,2.16,4.17,4.39,0.14
69.8,0.35,13.34,2.06,0.04,0.73,1.67,3.97,4.28,0.12
59.2,1.31,16.1,6.75,0.09,3.14,5.47,4.19,2.89,0.47
74.77,0.21,12.93,1.24,0.04,0.48,1.05,4.11,4.6,0.05
71.47,0.28,13.25,1.7,0.04,0.49,1.43,3.88,4.28,0.09
68.51,0.52,14.97,3.05,0.05,1.07,2.46,4.21,4.08,0.17
68.5,0.44,15.2,2.58,0.05,0.87,2.38,4.23,4.19,0.16
59.95,1.1,16.39,6.08,0.09,2.6,4.98,4.41,3.17,0.45
57.72,1.37,16.31,7.17,0.09,3.44,5.85,4.35,2.74,0.51
58,1.32,16.5,6.86,0.09,2.93,5.44,4.31,2.94,0.49
62.74,0.99,15.82,5.28,0.07,2.36,4.37,4.48,3.56,0.37
61.83,1.04,16.41,2.25,0.07,2.13,4.64,4.7,3.19,0.4
68.69,0.5,15.05,2.91,0.05,1.04,2.38,4.19,4.07,0.18
58.76,1.4,16.72,6.82,0.08,3.06,5.72,4.85,3.07,0.56
58.86,1.29,16.16,6.76,0.09,3.21,5.63,4.35,3.08,0.5
60.99,1.08,16.38,5.94,0.08,2.15,4.77,4.4,3.07,0.42
59.11,1.28,16.53,3.02,0.09,2.88,5.36,4.63,3.01,0.47
70.82,0.34,13.67,2.01,0.05,0.63,1.67,3.93,4.23,0.11
58.65,1.31,16.61,6.82,0.09,2.87,5.52,4.32,2.93,0.48
58.06,1.35,16.43,2.89,0.09,3.47,5.85,4.43,2.74,0.5
59.1,1.33,16.1,6.79,0.09,3.21,5.51,4.28,2.9,0.48
58.6,1.42,16.53,7.29,0.09,3.59,5.95,4.51,2.72,0.51
60.03,1.13,15.45,5.9,0.08,2.94,4.96,4.25,3.13,0.41
58.41,1.31,16.59,2.79,0.09,3.36,5.9,4.49,2.71,0.47
58.4,1.29,15.9,6.66,0.08,3.1,5.4,4.22,2.9,0.46
58.53,1.32,16.64,6.96,0.09,2.95,5.66,4.31,2.89,0.49
67.94,0.49,14.74,2.76,0.05,0.99,2.32,4.12,4.07,0.17
67.9,0.5,15,2.88,0.05,0.97,2.36,4.07,4.07,0.19
68.98,0.5,15.05,1.31,0.05,1.06,2.45,4.31,4.08,0.17
61.2,1.11,15.8,5.79,0.08,2.72,4.82,4.23,3.23,0.43
72.16,0.28,13.39,1.7,0.04,0.47,1.39,3.89,4.34,0.09
60.75,1.1,15.73,5.85,0.08,2.82,4.97,4.33,3.24,0.41
58.6,1.28,16.3,6.51,0.08,3.06,5.41,4.47,2.98,0.49
61,1.11,15.7,5.73,0.08,2.73,4.83,4.26,3.19,0.41
57.5,1.35,16.4,7.1,0.09,3.23,5.68,4.3,2.87,0.49
58.9,1.24,16.28,2.71,0.1,3.17,5.53,4.18,2.83,0.45
71.69,0.3,13.37,1.7,0.04,0.58,1.42,4.03,4.42,0.09
59.21,1.27,16.41,6.9,0.09,3.19,5.54,4.3,2.88,0.46
59.15,1.28,16.39,2.55,0.08,3.15,5.46,4.55,2.97,0.48
57.91,1.32,16.22,2.77,0.14,3.45,5.83,4.27,2.73,0.48
58.6,1.33,16.64,2.7,0.09,3.2,5.66,4.43,2.89,0.48
58.61,1.28,16.3,6.89,0.09,3.19,5.55,4.28,2.84,0.46
63.9,0.89,15.5,4.54,0.06,1.85,3.74,4.5,3.56,0.37
59.53,1.31,16.36,7.05,0.1,3.28,5.55,4.35,2.82,0.46
63.8,0.82,16,4.21,0.06,1.77,3.77,4.49,3.48,0.32
59.15,1.3,16.37,6.99,0.09,3.25,5.49,4.35,2.91,0.45
58.85,1.27,16.15,2.78,0.09,3.19,5.5,4.22,2.87,0.45
59.28,1.29,16.18,6.78,0.09,3.16,5.47,4.34,2.93,0.47
59,1.24,16.17,2.57,0.09,3.18,5.49,4.32,2.89,0.45
58.3,1.29,16.3,6.52,0.08,3.08,5.38,4.42,2.98,0.49
59.17,1.32,16.31,7.1,0.1,3.3,5.55,4.39,2.89,0.46
57.9,1.35,16.3,7.05,0.09,3.14,5.51,4.34,2.96,0.5
68.22,0.52,15.09,3.03,0.05,1.09,2.46,4.17,4.07,0.18
63.4,0.86,15.5,4.37,0.06,1.78,3.68,4.43,3.63,0.35
58.38,1.33,16.37,2.83,0.09,3.23,5.6,4.64,2.94,0.49
72.2,0.27,13.3,1.7,0.04,0.45,1.27,3.89,4.51,0.09
64.4,0.82,15.7,4.23,0.06,1.77,3.6,4.44,3.66,0.32
63.44,0.98,15.7,4.92,0.06,2.03,4.11,4.66,3.61,0.4
57.3,1.32,16.32,7.19,0.1,3.35,5.93,3.9,2.61,0.47
59.11,1.33,16.35,7.13,0.09,3.38,5.57,4.39,2.89,0.46
61.05,1.15,16.71,6.21,0.08,2.58,4.99,4.47,3.24,0.42
58.93,1.28,16.23,2.93,0.09,3.27,5.57,4.37,2.83,0.46
59.23,1.33,16.33,7.15,0.09,3.33,5.66,4.33,2.81,0.46
59.1,1.25,16.52,7,0.11,3.2,5.61,4.42,2.81,0.45
61.8,1.06,15.7,5.55,0.07,2.58,4.63,4.38,3.35,0.4
58.5,1.27,16.2,6.82,0.09,3.2,5.46,4.28,2.86,0.46
59.8,1.13,16.2,6.45,0.09,2.92,5.29,4.14,3.02,0.4
67.82,0.5,15.05,2.9,0.05,1.03,2.34,4.13,4.04,0.18
58.7,1.26,16.4,6.77,0.09,3.18,5.47,4.3,2.86,0.46
61.05,1.06,15.72,5.63,0.08,2.66,4.8,4.36,3.36,0.4
62.6,0.92,16.11,5.08,0.08,2.1,4.22,4.29,3.32,0.35
72.68,0.35,13.69,2.06,0.04,0.7,1.66,4.08,4.49,0.1
57.64,1.43,16.55,6.95,0.09,3.11,5.55,4.45,2.77,0.54
59.32,1.31,16.29,7.07,0.1,3.28,5.49,4.4,2.92,0.46
58.6,1.14,16.7,6.64,0.09,2.84,5.4,4.09,2.89,0.41
73.6,0.25,13.3,1.62,0.04,0.44,1.29,3.83,4.37,0.09
61.7,1.11,15.4,5.41,0.07,2.26,4.29,4.43,3.41,0.44
58.36,1.35,16.63,7.13,0.09,3.22,5.81,4.35,2.94,0.49
58.83,1.26,16.29,2.68,0.11,3.21,5.61,4.27,2.83,0.46
63.18,0.92,15.47,4.71,0.07,1.93,3.86,4.4,3.48,0.38
58.32,1.32,16.64,6.97,0.09,3.13,5.75,4.34,2.89,0.5
68.2,0.5,14.8,2.92,0.05,1.03,2.28,4.05,4.13,0.18
59.35,1.35,16.4,7.28,0.1,3.4,5.66,4.4,2.79,0.47
63.1,1.02,15.8,5.02,0.07,2.06,4.19,4.5,3.45,0.4
58.63,1.24,16.3,2.6,0.11,3.2,5.6,4.23,2.81,0.45
67.3,0.5,14.5,2.94,0.05,1.01,2.23,4.02,4.09,0.18
60.53,1.23,15.95,6.26,0.08,3.09,5.41,4.4,3.23,0.44
59.9,1.17,15.7,6.14,0.08,3.06,5.2,4.32,3.1,0.44
59.03,1.3,16.39,6.92,0.09,3.31,5.59,4.41,2.89,0.46
68.6,0.48,15,2.77,0.05,0.96,2.3,4.11,4.18,0.17
64.03,0.86,15.63,4.65,0.07,1.93,3.91,4.45,3.6,0.34
64.61,0.88,15.57,2.35,0.06,1.97,3.8,4.93,3.57,0.35
57.9,1.29,16,6.97,0.09,3.57,5.84,4.16,2.8,0.47
58.46,1.32,16.3,7,0.09,3.34,5.85,4.26,3.04,0.5
63.5,0.87,15.8,4.83,0.07,1.93,3.88,4.31,3.5,0.34
53.5,1.62,15.91,5.83,0.11,4.99,7.39,4.36,2.5,0.77
56.5,1.4,16.48,8.12,0.1,4.05,6.5,4.13,2.28,0.42
58.7,1.32,16,6.87,0.09,3.25,5.66,4.24,2.95,0.51
52.99,1.61,15.85,8.78,0.11,4.89,7.54,4.25,2.49,0.69
62.6,0.89,15.89,5,0.07,2.01,4.19,4.13,3.31,0.34
53.14,1.61,15.86,8.65,0.11,5.01,7.5,4.22,2.52,0.78
53.13,1.63,15.97,8.79,0.11,4.98,7.64,4.18,2.5,0.77
56.55,1.4,16.36,2.46,0.14,4.05,6.39,4.11,2.24,0.42
64.2,0.84,15.7,4.65,0.07,1.85,3.73,4.3,3.54,0.32
64.3,0.74,15.7,4.15,0.06,1.69,3.48,4.2,3.65,0.27
64.2,0.75,15.8,4.13,0.06,1.68,3.47,4.16,3.62,0.27
67.3,0.52,15.1,2.99,0.05,1.05,2.46,3.99,4.04,0.18
53.32,1.63,15.9,8.69,0.11,5.03,7.52,4.28,2.49,0.77
62.3,0.89,15.8,4.92,0.07,2.04,4.09,4.23,3.38,0.34
63.6,0.84,15.7,4.67,0.07,1.84,3.78,4.19,3.54,0.32
67.02,0.59,15.02,3.3,0.06,1.23,2.78,4.23,4.12,0.2
56.66,1.4,16.45,8.39,0.11,4.15,6.56,4.14,2.27,0.42
59.85,1.13,16,6.16,0.08,2.89,5.14,4.12,3.29,0.42
56.79,1.39,16.43,8.24,0.11,4.13,6.43,4.08,2.25,0.41
56.73,1.39,16.37,2.89,0.11,4.04,6.4,4.09,2.23,0.41
58.36,1.33,16.17,7.34,0.1,3.82,6.21,4.3,2.82,0.47
62.24,1.08,15.8,5.71,0.08,2.65,4.82,4.58,3.41,0.4
56.54,1.39,16.39,2.8,0.13,4.15,6.39,4.07,2.24,0.42
57.3,1.31,15.9,6.94,0.09,3.44,5.77,4.11,3,0.5
,,,,,,,,,
,,,,,,,,,
59.87,1.15,16.25,3.07,0.08,2.93,5.15,4.28,3.23,0.43
59.25,1.17,16.44,3.25,0.08,3.02,5.29,4.24,3.2,0.44
59.5,1.15,16,6.11,0.08,2.9,5.13,4.11,3.18,0.43
58.96,1.16,16.02,6.2,0.08,2.95,5.24,4.26,3.24,0.42
59.66,1.16,16.14,6.36,0.09,2.96,5.23,4.2,3.25,0.43
60.07,1.14,16.09,3.09,0.08,2.94,5.15,4.56,3.18,0.41
59,1.22,16,6.42,0.08,3.04,5.36,4.17,3.12,0.44
58,1.33,16.1,6.96,0.09,3.42,5.82,4.06,3.01,0.51
55.78,1.64,16.58,8.43,0.1,4.16,6.7,4.44,2.32,0.57
58.76,1.33,16.25,6.64,0.08,3.19,5.5,4.36,3.01,0.51
74.57,0.22,13.07,1.32,0.04,0.39,0.82,3.71,4.72,0.04
56.57,0.8,18.72,7.78,0.15,3.55,7.45,3.58,1.91,0.21
64.53,0.71,15.74,4.65,0.07,1.99,3.94,3.51,4.22,0.2
60.75,1.06,16.85,6.48,0.1,2.37,5.35,4.41,2.91,0.41
60.05,1.09,17.06,6.61,0.1,2.39,5.48,3.94,2.82,0.42
60.75,0.91,17.42,5.88,0.1,2.08,5.13,4.12,2.91,0.43
62.5,0.68,16.2,5.19,0.09,2.28,4.7,4.13,2.75,0.19
62.6,0.75,15.9,5.27,0.08,2.54,4.55,4.05,2.79,0.21
60.6,0.88,16.6,5.82,0.09,2.77,5.13,3.93,2.65,0.23
62.1,0.74,16,5.12,0.08,2.52,4.68,4.09,2.73,0.2
62.4,0.8,15.8,5.4,0.08,2.6,4.48,4.02,2.74,0.18
64.6,0.63,15.8,4.46,0.07,1.97,4.02,4.07,3.09,0.18
62.9,0.59,15.6,4.28,0.07,1.81,3.97,3.68,3.07,0.17
63.92,0.65,15.21,4.54,0.08,1.93,3.8,3.66,3.42,0.17
59.74,0.83,17.71,6.52,0.1,2.47,5.65,3.66,2.32,0.34
62.52,0.8,16.44,5.41,0.08,2.75,4.91,4.23,2.81,0.21
64.58,0.62,16.28,3.94,0.07,2.05,3.98,4.6,3.14,0.18
54.06,,,,,5.59,,,,
60.92,0.84,17.63,5.85,0.08,2.59,5.07,4.05,2.97,0.22
61.39,0.8,17.36,5.64,0.08,2.25,4.96,4.48,2.74,0.24
63.46,0.66,16.69,4.66,0.07,1.98,4.15,4.39,3.17,0.2
62.27,0.74,16.92,5.41,0.08,2.44,4.83,4.39,2.73,0.2
59.1,1.04,16.99,7.06,0.09,3.73,5.97,4.11,2.47,0.27
60.61,0.84,17.13,6.19,0.1,2.39,5.4,4.15,2.76,0.28
58.85,0.78,17.61,3.6,0.08,2.73,5.11,3.41,2.3,0.25
57.66,1.26,17.35,3.12,0.09,3.47,6.01,4.54,2.4,0.37
53.59,,,,,8.37,,,,
64.69,0.66,16.2,4.33,0.06,1.77,3.68,4,3.57,0.19
62.73,0.59,17.62,3.9,0.07,1.53,4.9,4.53,2.52,0.19
65.25,0.6,16.43,3.9,0.06,1.61,3.86,4.63,2.81,0.17
60.01,0.95,16.54,2.41,0.08,2.78,5.17,4.03,2.96,0.29
60.02,0.95,16.62,2.49,0.08,2.84,5.35,4.07,2.92,0.29
65.86,0.56,16.22,1.18,0.06,1.81,3.78,4.33,3.42,0.16
60.56,0.95,16.8,2.35,0.09,3.19,5.62,4.18,2.6,0.26
57.66,1,17.39,2.79,0.11,3.79,6.5,4.13,2.13,0.25
62.13,0.5,17.15,1.49,0.09,1.21,3.1,3.82,2.92,0.19
64.58,0.62,16.1,3.9,0.07,1.87,3.83,4.37,2.94,0.18
66.19,0.57,15.55,3.61,0.05,1.2,3.02,4.08,3.72,0.16
58.6,0.95,16.7,,0.11,3.5,6,3.7,2.5,0.25
60.9,0.89,16.9,,0.07,2.6,5.1,4,2.7,0.32
61.2,0.92,17.2,,0.06,2.1,5.1,4.3,2.9,0.26
61.2,0.88,16.5,,0.09,2.6,5,3.8,3,0.24
61.4,0.84,16.6,,0.07,2.6,5.1,3.8,2.9,0.24
63,0.82,16.6,,0.07,2.4,4.9,3.9,3,0.23
63.5,0.73,15.9,,0.08,1.9,4,3.9,3.4,0.2
64.4,0.86,16.7,,0.1,1.4,4,4.1,3.2,0.24
52.9,1.25,16.2,,0.14,6.8,8.4,3.3,1.5,0.23
54.5,1.32,16.1,,0.12,6.6,8.5,3.4,1.4,0.23
60.1,0.91,16.8,,0.08,2.9,5.2,3.6,2.9,0.23
62.5,0.84,16.7,,0.08,2.4,4.8,4,3,0.23
63.5,0.77,16.2,,0.06,2.1,4.4,4.4,3.2,0.25
64.6,0.61,15.9,,0.06,1.7,3.6,4.1,3.5,0.18
65.6,0.57,15.5,,0.06,1.4,3.5,4.1,3.7,0.18
65.7,0.6,15.6,,0.05,1.5,3.4,4,3.7,0.17
67,0.55,15.4,,0.05,1.2,3.1,4.1,3.8,0.17
62.08,0.82,16.53,5.48,0.08,2.66,4.87,3.73,2.98,0.21
58.08,1.22,16.21,6.97,0.1,4.28,6.19,3.85,2.67,0.33
54.22,0.95,16.02,8.46,0.13,7.66,7.88,3.14,1.19,0.2
54.22,0.95,16.02,8.46,0.13,7.66,7.88,3.14,1.19,0.2
56.38,1.07,17.39,8.05,0.1,3.9,6.77,3.71,2.15,0.28
53.09,1.42,17.27,9.26,0.11,5.19,8.71,3.52,1.46,0.27
66.38,0.57,15.68,3.67,0.05,1.21,3.04,4.08,3.77,0.17
62.12,0.89,16.75,5.43,0.07,2.37,4.89,3.99,3.11,0.24
63.37,0.77,16.57,5.09,0.06,2.09,4.36,4.13,3.19,0.18
63.23,0.78,16.34,4.9,0.07,2.17,4.37,3.71,3.34,0.2
61.65,1.01,16.66,6.1,0.08,2.81,5.13,3.85,2.78,0.26
62.7,0.76,16.29,5.39,0.08,2.64,4.67,3.75,3.04,0.2
63.46,0.75,16.19,4.79,0.06,2.1,4.22,3.96,3.14,0.21
62.41,0.76,16.82,5.2,0.07,2.17,4.68,4.11,2.88,0.22
61.57,0.85,16,5.19,0.07,2.19,5.37,3.97,2.9,0.22
60.41,0.94,16.93,6.35,0.09,3.57,5.87,3.52,2.76,0.22
60.52,1.05,17.28,6.38,0.08,3.33,5.77,4.3,2.38,0.25
62.15,0.81,16.69,5.47,0.08,2.37,4.75,4.12,2.89,0.24
63.79,0.77,16.28,4.89,0.07,2.09,4.19,4.04,3.19,0.21
55.97,1.16,16.59,7.69,0.11,4.85,6.87,3.67,2.09,0.25
56.18,1.17,16.78,7.94,0.1,4.61,6.95,3.75,2.05,0.27
61,0.76,16.9,4.95,0.08,1.75,4.35,4.16,2.64,0.26
62.9,0.65,16,4.66,0.07,2.26,4.37,4.24,2.81,0.18
63.3,0.65,15.6,4.51,0.07,2.38,4.01,4.17,3.08,0.18
55.62,0.96,17.2,7.75,0.11,5.05,7.63,3.22,1.68,0.28
63,0.68,16.8,4.73,0.08,1.65,4.3,4.83,2.69,0.21
56.42,0.87,16.53,7.4,0.1,5.69,6.98,3.64,1.71,0.22
61.8,0.68,15.8,5.14,0.08,3.37,4.72,4.04,2.55,0.18
56.4,0.73,15.8,7.29,0.12,6.04,6.77,3.9,1.74,0.17
63,0.77,15.4,4.95,0.07,2.27,4.1,4.05,3.11,0.23
59.8,0.71,16.1,6.7,0.12,3.72,6.49,2.84,2.52,0.15
57,0.74,16.3,7.79,0.14,4.54,7.68,2.59,2.08,0.15
62.2,0.8,16.1,5.66,0.09,2.82,5.31,3.18,2.85,0.18
60.1,0.88,16.1,6.36,0.1,3.62,5.82,3.16,2.42,0.18
60.8,0.73,16,6.42,0.11,3.65,5.98,2.93,2.66,0.16
63.1,0.75,16,5.15,0.08,2.53,4.83,3.5,2.84,0.18
56.4,1.06,17.5,8,0.1,3.94,7.13,2.96,1.89,0.22
59.8,1.1,16.4,6.07,0.08,3.05,5.78,4.66,1.91,0.37
62.8,0.65,15.3,5.05,0.08,3.09,4.91,3.1,2.95,0.14
61.2,0.78,15.7,5.92,0.09,3.61,5.49,3.52,2.52,0.19
62.4,0.85,16,5.48,0.08,2.69,4.99,3.45,2.8,0.22
60.5,0.75,16.4,5.85,0.1,3.1,5.82,3.58,2.44,0.18
63,0.79,15.8,5.29,0.08,2.66,4.89,3.68,2.96,0.2
61.5,0.85,16.4,5.48,0.09,2.5,5.36,3.63,2.52,0.22
62.6,0.82,15.9,5.4,0.08,2.74,4.97,3.36,2.88,0.21
60.5,0.96,16.2,5.99,0.08,3.2,5.54,3.41,2.62,0.25
60.3,0.9,16.7,5.84,0.09,2.63,5.64,3.64,2.16,0.23
60.5,0.84,16.9,5.49,0.08,2.26,5.38,3.64,2.44,0.22
59.6,0.87,16.9,6.07,0.09,2.96,5.97,3.55,2.18,0.23
59.8,0.86,16.8,5.95,0.09,2.89,5.81,3.5,2.15,0.23
60.8,0.8,16.9,5.74,0.09,2.66,5.5,3.82,2.46,0.22
59.3,0.88,17,6.05,0.09,2.96,6.06,3.68,2.08,0.24
60.9,0.86,16.7,5.66,0.08,2.51,5.45,3.81,2.31,0.22
61,0.84,16.7,5.61,0.08,2.61,5.51,3.52,2.33,0.21
57.6,1,17.4,7.07,0.1,3.61,6.8,3.23,1.81,0.23
60.4,0.79,16.8,5.78,0.09,2.77,5.61,3.4,2.36,0.22
60.2,0.79,16.8,5.82,0.09,2.86,5.65,3.51,2.32,0.22
56.8,0.88,17.6,6.96,0.12,3.6,6.85,3.6,1.92,0.24
61,0.77,16.8,5.66,0.09,2.63,5.41,3.98,2.54,0.22
52.65,1.22,15.39,8.31,0.12,8.1,8.39,2.69,1.81,
58.02,0.85,17.22,6.88,0.12,3.68,7.17,3.73,1.55,0.32
57.39,0.86,17.18,6.9,0.12,3.67,7.09,3.64,1.54,0.33
59.35,0.72,16.7,6.59,0.11,3.83,6.37,3.47,1.87,0.19
58.07,0.76,16.42,7.18,0.12,4.88,7.28,3.39,1.57,0.19
57.5,0.85,17.1,6.78,0.11,3.64,7.1,3.79,1.55,0.31
58.7,0.76,16.3,6.95,0.12,4.42,6.84,3.43,1.74,0.19
59.5,0.74,16.6,6.59,0.11,3.77,6.28,3.5,1.93,0.19
57.2,0.84,17,6.72,0.11,3.64,7.18,3.88,1.54,0.31
63.84,0.62,15.78,4.89,0.09,2.53,4.39,3.28,2.35,0.18
60.96,0.73,16.15,5.83,0.1,3.42,5.06,3.03,2.01,0.21
57.73,0.88,17.14,7.06,0.12,3.74,7.14,3.7,1.54,0.33
60.57,0.71,17.66,5.64,0.1,2.51,5.83,3.93,1.94,0.25
55.29,0.83,16.64,7.97,0.13,5.32,7.76,3.43,1.18,0.23
63.97,0.55,16.47,4.86,0.09,1.88,4.44,3.72,2.73,0.22
55.86,0.84,17.08,7.73,0.13,4.92,7.77,3.54,1.25,0.24
57.39,0.85,16.61,6.99,0.11,4.72,6.91,3.62,1.49,0.24
60.4,0.71,17.85,5.67,0.1,2.5,5.96,3.93,1.89,0.24
60.6,0.72,17.4,5.53,0.1,2.44,5.68,4.07,1.99,0.24
60.68,0.71,17.69,5.67,0.1,2.51,5.89,3.92,1.94,0.24
61.5,0.66,16.34,5.57,0.1,2.84,5.24,3.59,2.26,0.21
61.65,0.69,16.16,5.86,0.1,2.95,5.25,3.58,2.26,0.21
60.97,0.71,17.62,5.63,0.1,2.49,5.84,3.95,1.96,0.24
60.77,0.71,17.66,5.53,0.1,2.44,5.79,3.94,1.96,0.24
59.22,0.72,16.74,6.43,0.11,3.52,6.04,3.55,1.85,0.22
56.86,0.96,17.06,7.41,0.11,3.96,7.14,3.38,1.5,0.24
58.41,0.76,16.42,7.17,0.12,4.79,7.2,3.39,1.61,0.19
59.71,0.73,16.42,6.37,0.11,3.5,5.97,3.48,1.99,0.2
58.46,0.75,16.01,7.23,0.12,4.7,6.91,3.29,1.68,0.19
,,,,,,,,,
56.41,1.44,15.55,,0.13,6.68,6.83,3.1,2.92,
63.7,0.76,15.8,4.73,0.07,2.24,4.36,4.21,2.5,0.24
62.1,0.75,15.7,4.32,0.06,2.04,4.55,4.24,2.82,0.28
57.5,1.06,16.2,6.49,0.09,4.07,6.48,4.07,1.94,0.38
64.1,0.72,16.1,4.31,0.07,2,4.12,4.57,2.77,0.26
62.9,0.78,16.1,5.4,0.08,2.67,5.03,3.44,2.77,0.18
59.8,1.01,16.1,5.94,0.08,3.26,5.7,4.3,2.08,0.37
72.3,0.18,14.42,1.4,0.08,0.25,1.54,3.92,4.47,0.05
52.03,1.12,15.45,7.89,0.16,7.71,8.8,3.84,1.84,
50.61,1.16,15.43,7.61,0.11,7.65,10.64,3.3,1.52,
56.6,1.23,16.22,7.19,0.11,5.65,7.11,3.31,2.13,
63.4,0.72,16,4.49,0.08,1.91,4.25,3.88,3.25,0.21
53.55,0.9,14.8,,0.13,9.36,8.33,2.97,1.57,0.28
53.08,1.19,14.81,,0.15,8.99,8.36,3.14,1.86,0.31
64,0.82,16.9,4.31,0.07,2.41,4.17,2.62,3.75,0.33
64.5,0.81,17.3,3.91,0.07,2.27,4.06,2.51,3.83,0.35
64.3,0.82,17.3,3.99,0.07,2.27,4.14,2.55,3.79,0.35
72.7,0.24,14.5,1.73,0.06,0.5,1.01,3.78,4.38,0.28
50.1,1.5,14.5,8.02,0.12,7.87,6.99,2.79,4.81,1.28
55.2,0.77,17.8,6.9,0.13,3.64,5.31,4.13,1.28,0.25
60.7,0.75,16.6,5.02,0.13,2.03,4.59,4.27,2.41,0.22
63.3,0.85,16.1,4.81,0.06,1.9,4.14,4.6,3.25,0.32
57.1,1.1,16.6,7.44,0.1,4.07,6.58,3.9,2.25,0.3
,,,,,,,,,
57.7,1.24,16.7,6.66,0.09,3,5.76,4.51,2.73,0.55
58.3,1.1,16.1,5.93,0.08,2.78,5.56,4.77,3.05,0.56
62.3,0.98,16.2,5.25,0.07,2.1,4.45,4.67,3.16,0.4
61.9,0.94,15.9,5.28,0.07,2.24,4.43,4.46,3.19,0.35
60.4,1.02,16.8,5.55,0.07,2.21,4.68,4.99,3.11,0.48
60.1,1.05,16.4,5.89,0.09,2.59,5.07,4.54,2.93,0.4
61.4,0.91,16.2,5.14,0.07,2.14,4.59,4.55,3.12,0.35
61.1,0.99,16.5,5.75,0.07,2.34,4.8,4.49,2.93,0.36
59.8,1.16,16.4,6.41,0.08,2.82,5.25,4.5,2.71,0.4
60.3,1.11,16.3,6.1,0.09,2.49,5.02,4.67,2.82,0.43
58.6,1.12,16.9,6.17,0.08,2.77,5.23,4.81,2.85,0.51
61.4,0.99,16.2,5.72,0.07,2.38,4.78,4.59,2.96,0.4
62.7,0.81,16.1,4.93,0.07,2.18,4.27,4.56,3.22,0.31
61.8,0.9,16.5,5.35,0.07,2.33,4.71,4.64,3.04,0.34
63.4,0.78,16.3,4.48,0.06,1.64,3.79,4.61,3.32,0.33
60.2,1.15,16.2,5.84,0.07,2.27,4.99,4.6,2.82,0.45
62.5,0.78,16.1,4.38,0.06,1.66,3.71,4.17,3.89,0.33
57,1.02,18.7,6.87,0.11,2.17,6.3,4,2.25,0.33
57.1,1.14,16.4,7.64,0.1,4.08,6.56,3.92,2.25,0.31
,,,,,,,,,
57.25,1.01,17.06,7.35,0.1,4.32,6.62,4.04,2.04,0.29
58.1,1,17.68,6.35,0.09,2.83,5.78,4.12,2.67,0.29
58.02,0.97,18.25,5.84,0.08,2.12,5.52,4.37,2.79,0.33
61.93,0.85,15.46,5.23,0.08,2.59,4.54,3.82,3.14,0.28
63.35,0.81,15.92,5.13,0.08,2.47,4.61,4.15,3.04,0.28
58.69,0.96,17.4,6.53,0.09,2.49,5.34,4.33,2.74,0.33
54.2,1.2,17.8,8.74,0.14,3.75,7.13,3.59,2.27,0.35
68,0.2,12.6,1.44,0.08,0.4,1.17,2.86,4.79,0.05
75,0.16,13.3,0.48,0.02,0.03,0.48,3.61,4.76,0.03
72.3,0.15,13.9,1.07,0.06,0.16,0.71,3.09,5.11,0.01
70.6,0.21,12.9,1.6,0.07,0.6,1.29,2.39,4.93,0.06
64.2,0.68,15.6,3.83,0.05,1.36,3.28,4.38,3.18,0.27
61.95,0.71,15.33,4.1,0.06,1.66,3.22,4.07,3.19,0.28
61.97,0.57,15,3.44,0.1,1.52,4.16,3.25,3.52,0.22
72.9,0.14,13,0.84,0.09,0.1,0.48,2.2,6.96,0.02
72.2,0.34,14.3,1.73,0.07,0.31,0.83,4.92,4.63,0.06
64.7,0.1,11,0.74,0.05,0.29,4.6,2.59,4.69,0.01
66.6,0.52,14.8,3.12,0.06,1.04,2.72,4.18,3.72,0.18
69.1,0.32,14.3,1.63,0.07,0.3,0.69,3.08,6.11,0.05
74,0.15,12.3,0.97,0.03,0.12,0.51,2.88,5.77,0.02
72.9,0.15,12.5,1,0.06,0.13,0.87,3.64,5.16,0.02
72.7,0.18,13.3,1.02,0.06,0.22,0.67,3.95,5.11,0.04
73.2,0.22,13.8,1.52,0.08,0.32,1.2,4.44,3.99,0.06
70.5,0.21,13.3,1.63,0.08,0.44,1.4,4.24,4.01,0.06
,,,,,,,,,
66.4,0.42,15.5,2.33,0.06,0.6,1.84,3.81,3.88,0.11
64.85,0.3,12.68,1.45,0.07,0.31,2.79,4.13,4.24,0.05
67.33,0.22,12.71,1.09,0.05,0.55,2.28,2.21,3.4,0.03
70.16,0.15,13.42,0.87,0.08,0.36,0.81,2.94,4.92,0.02
69.1,0.44,14.7,2.09,0.06,0.5,1.02,3.61,5.53,0.1
67.1,0.6,14.4,2.84,0.06,0.79,1.81,4.05,4.59,0.11
61.3,0.27,12.2,1.33,0.06,0.39,4.46,4.04,4.15,0.05
70.1,0.34,14.1,1.77,0.07,0.37,1.03,4.75,4.41,0.06
71.3,0.26,13.2,1.61,0.08,0.19,0.7,4.15,4.9,0.05
73.2,0.37,12.6,2.46,0.11,0.28,0.54,3.94,5.01,0.07
56.3,1.15,16.7,7.75,0.1,4.2,6.93,3.78,2.11,0.3
72.8,0.32,14.2,1.55,0.06,0.24,0.63,4.62,4.9,0.06
68.1,0.27,15.7,1.71,0.1,0.39,1.39,3.12,4.81,0.06
62.5,0.61,17.1,5.13,0.09,1.89,4.03,3.97,2.61,0.17
53.2,0.99,17.8,8.88,0.15,4.45,7.9,3.22,1.74,0.25
69.35,0.3,15.2,0.86,0.04,0.61,2.15,4.44,3.73,0.1
73.88,0.24,14.18,1.38,0.07,0.39,1.15,4.53,4.24,0.04
55.98,1.5,17.12,8.18,0.11,3.4,6.74,3.93,1.96,0.59
63.93,0.78,16.51,4.52,0.08,1.77,3.85,4.29,3.35,0.28
54.12,1.67,15.55,3.55,0.16,4.69,6.6,3.97,2.66,0.7
61.6,0.68,16.7,5.15,0.09,2.41,4.99,3.68,2.78,0.2
62.8,0.68,17.7,3.82,0.03,0.61,2.75,3.49,2.94,0.2
62,0.83,16.9,4.71,0.07,1.21,4.03,4.62,2.77,0.33
59.85,1.18,16.21,3.33,0.09,2.97,5.33,4.14,2.88,0.41
63.04,1.14,16.21,5.46,0.07,2.13,4.49,4.61,3.19,0.4
58.96,1.25,16.48,6.3,0.08,2.23,5.45,4.83,3.37,0.66
60.35,1.11,16.43,6,0.13,2.39,5.07,4.5,3.24,0.52
60.45,1.23,16.42,5.96,0.11,2.48,5.24,4.78,3.18,0.5
65.78,0.6,15.37,4.05,0.07,1.58,3.76,2.99,3.71,0.15
63.16,0.63,16.05,4.57,0.08,1.89,4.86,3.32,2.7,0.18
54.9,1.69,15.86,8.61,0.1,4.29,6.76,4.27,2.51,0.73
60.45,0.97,17.22,6.26,0.1,2.45,5.35,4.29,2.74,0.46
54.9,1.69,15.86,8.61,0.1,4.29,6.76,4.27,2.51,0.73
58.06,1.01,17.18,7.22,0.09,3.82,6.34,4.04,2.42,0.24
59.86,0.89,18.15,5.97,0.11,2.24,5.61,4.25,2.88,0.35
56.54,0.98,18.8,6.78,0.08,2.73,6.9,4.18,1.96,0.26
57.26,0.85,17.32,6.87,0.1,3.78,6.53,3.83,2.19,0.24
71.8,0.19,13.71,1.03,0.06,0.25,0.7,4.31,4.64,0.05
57.08,0.88,16.97,7.38,0.1,4.67,6.96,3.8,1.84,0.24
58.07,0.98,17.81,6.94,0.09,2.99,6.19,4.25,2.22,0.27
57.06,0.88,18.83,6.75,0.09,2.61,6.39,4.37,1.88,0.27
59.27,0.99,18.87,6.14,0.08,2.14,5.83,4.67,2.35,0.27
61.57,0.68,17.36,5.57,0.09,2.2,5,4.19,2.75,0.19
66.16,0.52,15.78,3.77,0.07,1.71,3.48,3.64,3.84,0.12
65.24,0.52,16.07,3.82,0.06,1.6,3.57,3.98,3.56,0.15
59.96,0.77,18.14,6.25,0.1,2.31,5.58,4.02,2.92,0.26
61.76,0.66,17.74,5.57,0.07,1.94,5.07,4.28,2.54,0.2
61.68,0.77,16.5,3.68,0.08,3.05,5.3,3.6,2.83,0.19
61.59,0.76,16.47,5.56,0.09,3.05,5.26,3.64,2.74,0.18
60.05,0.85,16.19,6.16,0.08,3.81,6.17,3.26,2.33,0.21
52.95,1.42,17.15,9.24,0.11,5.18,8.73,3.57,1.5,0.27
59.74,0.96,16.92,6.57,0.09,3.83,5.9,4.41,2.06,0.26
61.78,0.64,16.89,5.25,0.08,2.78,4.98,4.05,2.69,0.2
63.59,0.93,15.48,3.56,0.08,1.62,3.84,4.61,3.36,0.39
59.55,1.07,16.66,5.34,0.08,2.42,5.2,4.55,2.94,0.44
56.96,1.54,15.93,3.85,0.09,3.33,5.82,4.3,2.7,0.58
75.21,0.12,12.59,0.88,0.09,0.16,0.6,3.48,5.33,0.03
65.86,0.46,13.08,3.53,0.11,2.56,3.93,3.12,4.63,0.3
74.76,0.12,12.63,0.89,0.06,0.11,0.43,2.58,6.49,0.03
72.8,0.14,13,0.96,0.04,0.12,0.69,2.55,6.4,0.05
74.5,0.11,12.3,0.77,0.06,0.08,0.46,2.57,6.34,0.02
74.74,0.13,12.19,0.78,0.03,0.14,0.77,4.45,4.81,0.02
74.99,0.11,12.78,0.8,0.09,0.07,0.38,3.14,5.79,0.02
76.27,0.11,12.38,0.67,0.05,0.09,0.55,3.35,5.28,0.02
75.79,0.11,12.57,0.76,0.07,0.09,0.38,3.4,5.3,0.02
75.78,0.1,12.95,0.65,0.07,0.04,0.28,3.43,5.45,0.02
75.09,0.14,13.5,0.87,0.05,0.07,0.53,2.35,6.49,0.05
74.94,0.15,12.72,0.96,0.05,0.21,0.71,3.92,5,0.03
76.03,0.11,12.44,0.67,0.04,0.07,0.49,2.89,6.03,0.02
75.56,0.11,12.57,0.72,0.05,0.05,0.41,2.29,6.55,0.02
84.06,0.09,9.47,0.52,0.01,0.03,0.36,3.02,3.52,0.01
72.76,0.31,14.07,1.88,0.03,0.42,1.38,4.31,4.72,0.09
74.07,0.12,12.7,0.83,0.06,0.07,0.68,3.04,5.96,0.02
75.54,0.1,12.6,0.7,0.09,0.12,0.43,3.73,4.86,0.01
74.74,0.1,12.84,0.71,0.07,0.06,0.4,3.06,6.26,0.04
75.37,0.12,12.72,0.79,0.04,0.07,0.53,2.09,6.58,0.03
74.08,0.1,12.26,0.75,0.13,0.06,0.35,2.92,5.2,0.01
74.85,0.12,12.69,0.79,0.04,0.04,0.53,2.13,6.54,0.02
75.63,0.11,12.36,0.67,0.04,0.07,0.49,2.86,6.02,0.02
75.18,0.12,12.72,0.78,0.04,0.05,0.53,2.15,6.57,0.03
77.23,0.11,12.58,0.6,0.04,0.08,0.5,2.93,6.08,0.02
76.65,0.12,12.94,0.82,0.04,0.07,0.54,2.18,6.62,0.02
77.11,0.11,12.58,0.67,0.04,0.06,0.5,2.88,6.05,0.02
75.46,0.12,12.79,0.8,0.04,0.04,0.53,2.07,6.59,0.02
60,0.67,17.4,5.71,0.11,2.02,5.17,4.26,2.57,0.39
53.8,1.09,16.8,7.64,0.11,4.39,7.08,3.7,2.57,0.47
56.5,0.95,17.6,7.47,0.12,3.04,6.39,4.25,2.32,0.38
58.5,0.7,17.7,4.64,0.17,1.49,6.66,5.46,1.99,0.22
52.9,1.44,17,9.07,0.12,5.62,7.65,3.96,1.56,0.4
63,0.47,17.4,4.58,0.1,0.77,3.48,4.3,3.28,0.21
60.7,0.93,15.8,5.35,0.05,1.6,4.51,4.17,3.33,0.39
53.3,1.52,16,8.14,0.13,3.07,7.65,3.81,2.5,0.52
56.5,0.89,16.8,7.75,0.13,4.4,7.25,3.51,1.76,0.24
65.9,0.69,16.1,3.33,0.06,0.5,2.68,4.06,4.74,0.19
62.4,0.71,15.5,5.26,0.08,2.5,4.63,3.57,3.57,0.21
58.8,0.94,17,6.87,0.09,3.14,6.15,3.68,2.51,0.28
56.4,1.3,17,8.32,0.13,3.01,6.01,3.96,2.49,0.37
58.1,1.01,16.8,7.19,0.1,3.25,6.25,3.85,2.49,0.3
58.4,0.87,17.2,6.45,0.09,3.53,6.15,3.99,2.17,0.26
58,0.83,16.4,7.03,0.11,4.3,6.44,3.58,1.84,0.22
60.2,0.82,17.3,6.21,0.09,2.7,5.58,4.18,2.3,0.25
62.1,0.64,16.6,4.99,0.08,2.4,4.86,4.19,2.64,0.21
60.1,0.73,17.9,5.9,0.1,2.39,5.79,4.48,2.02,0.28
61.2,0.85,16.2,5.96,0.09,2.39,4.84,4.06,2.93,0.28
57.9,0.8,17.4,7.24,0.11,3.71,6.65,3.83,1.88,0.21
61.1,0.61,17.4,5.63,0.09,2.1,5.22,3.99,2.66,0.19
60,0.62,17.3,5.98,0.11,2.18,5.23,4.03,2.81,0.31
58.1,0.85,17.5,6.97,0.11,2.71,5.92,3.78,2.74,0.29
59.2,0.99,17.2,6.34,0.09,2.71,5.81,4.31,2.29,0.3
57.2,1.05,16.6,6.91,0.09,3.84,6.15,4.14,2.43,0.34
64.3,0.68,17,4.39,0.1,1.39,3.86,4.73,3.11,0.28
52.81,1.31,15.22,8.93,0.12,7.57,7.61,3.13,2.4,0.44
56.5,0.94,17.4,7.06,0.11,3.1,6.83,3.98,2.01,0.27
57.2,0.85,17.7,6.64,0.1,3.49,6.67,3.87,2.13,0.29
60,0.85,17.1,6.48,0.09,2.31,5.47,3.98,2.52,0.24
57.4,0.93,17.1,6.67,0.1,3.59,6.5,3.91,2.23,0.28
56.2,1.05,17.2,7.59,0.12,3.64,6.94,3.8,1.84,0.28
70.4,0.3,15,2.35,0.05,0.77,2.31,4.04,4.16,0.1
58,0.91,17.4,6.79,0.1,3.58,6.66,4.18,1.9,0.23
60.2,0.66,17.9,5.55,0.09,2.06,5.35,4.34,2.34,0.27
61.3,0.71,16.9,5.41,0.09,2.33,5.03,4.23,2.43,0.24
56.4,1,17.7,7.01,0.1,3.31,6.44,4.17,2.22,0.32
58.9,0.99,17.6,6.71,0.1,2.38,5.5,4.35,2.63,0.34
70.9,0.3,13.8,1.57,0.05,0.15,0.63,4.07,5.02,0.04
64.2,0.66,16.6,2.86,0.07,0.6,1.13,2.96,4.67,0.1
70.4,0.4,15,2.13,0.08,0.45,1.01,4.76,4.45,0.07
71.6,0.14,12.6,1.09,0.08,0.23,0.75,2.15,5.65,0.05
72.8,0.12,12.9,0.82,0.05,0.11,0.47,2.53,5.4,0.02
54.93,0.94,18.06,7.58,0.08,1.72,5.71,3.62,4.46,0.43
62.9,0.57,14.8,2.57,0.07,1.12,1.82,5.07,4.05,0.11
73.3,0.29,14.1,1.52,0.06,0.23,0.64,4.57,4.76,0.04
70.4,0.36,14.3,1.87,0.06,0.36,0.91,4.48,4.86,0.06
70.5,0.35,14.2,1.88,0.06,0.35,0.92,4.56,4.82,0.06
72.7,0.14,13,0.92,0.06,0.12,0.62,3.63,4.84,0.02
69.1,0.34,13.9,2.56,0.08,0.66,2.32,3.96,3.46,0.1
73,0.26,13.8,1.77,0.1,0.37,1.22,4.56,4.05,0.08
72.9,0.28,13.8,1.91,0.09,0.28,1.43,4.56,3.85,0.09
66.26,0.44,15.03,2.64,0.05,0.83,2.12,3.35,3.62,0.07
70.4,0.33,14.1,1.59,0.07,0.32,0.96,4.84,4.58,0.06
73.5,0.24,13.7,1.7,0.09,0.25,1.17,4.38,4.18,0.07
72.7,0.29,13.9,2,0.1,0.43,1.55,4.6,3.77,0.08
71.1,0.25,12,2.21,0.11,0.42,2.2,4.15,4.3,0.1
46.9,0.08,8.3,0.57,0.04,0.57,6.3,8.99,3.07,0.02
72.5,0.14,12.5,1.01,0.07,0.18,0.94,3.88,4.24,0.03
70.2,0.18,12.9,1.21,0.07,0.27,0.93,3.73,4.68,0.05
73.2,0.15,12.5,0.91,0.05,0.17,0.75,3.17,5.36,0.02
72.6,0.19,13.4,1.17,0.08,0.23,0.97,4.23,4.18,0.04
73,0.18,13.3,1.15,0.07,0.2,0.98,4.18,4.19,0.04
72.5,0.18,13.1,1.16,0.07,0.24,0.95,4.1,4.23,0.04
72.3,0.15,12.7,1.01,0.08,0.16,0.71,3.74,4.41,0.03
73.4,0.15,12.8,0.87,0.06,0.15,0.79,3.08,5.18,0.02
72.4,0.19,13.1,1.28,0.08,0.22,0.93,3.69,4.47,0.04
71.4,0.22,13.3,1.42,0.08,0.29,1.03,3.89,4.23,0.04
72.1,0.18,13.3,1.16,0.08,0.29,1.03,3.84,4.3,0.04
74.7,0.17,13.6,1.15,0.03,0.11,0.69,4.02,4.78,0.01
71.3,0.15,13.5,0.95,0.06,0.2,0.63,2.11,6.35,0.02
72.8,0.15,12.4,0.97,0.05,0.13,0.75,4.17,4.66,0.02
73.2,0.15,12.2,0.97,0.05,0.12,0.67,3.06,5.43,0.03
73.3,0.14,12.5,0.94,0.06,0.1,0.59,3.33,5.31,0.02
71.7,0.22,13.1,1.38,0.08,0.42,1.27,3.32,4.5,0.06
70.2,0.17,13.6,1.15,0.07,1.15,1.06,2.62,4.34,0.05
73.5,0.15,12.8,0.79,0.06,0.21,0.9,2.95,5.23,0.03
71.8,0.15,12.6,0.97,0.07,0.19,1.02,3.86,4.19,0.03
60,0.5,14.3,4.58,0.14,2.02,5.92,3.15,3.2,0.18
73.5,0.15,12.7,0.98,0.06,0.13,0.66,3.64,4.95,0.02
71.2,0.15,12.7,0.93,0.08,0.46,0.65,2.92,5.14,0.04
70.5,0.26,14.6,1.54,0.08,0.36,1.3,3.81,4.77,0.06
59.7,0.77,17.9,6.28,0.1,2.21,5.23,4.44,2.63,0.33
72.4,0.14,12.7,1.1,0.07,0.2,0.7,2.92,5.27,0.03
65.63,0.84,16.38,5.15,0.09,2.14,4.23,3.99,2.47,0.26
55.28,1.04,18.74,8.02,0.11,3.58,7.58,3.25,1.98,0.25
58.07,0.92,18.15,7.09,0.1,3.11,6.44,3.7,2.48,0.26
56.9,1.04,16.95,7.5,0.11,3.76,6.84,3.12,2.1,0.21
63,0.75,16.08,5.36,0.08,2.39,4.88,3.17,3.23,0.17
61.7,0.88,16.04,5.56,0.09,2.78,5.21,3.44,3.04,0.18
57.7,1.2,17.08,7.09,0.1,3.24,6.5,4.05,2.06,0.3
56.8,0.86,18.1,,0.12,3.11,7.01,3.73,1.81,0.21
55.76,0.95,17.7,4.63,0.13,3.07,6.47,4.2,1.49,0.27
56.91,1.03,18.05,4.41,0.13,2.6,6.59,4.36,1.68,0.32
64.64,0.55,17.73,,0.06,1.56,4.35,4.4,2.76,0.25
64.23,0.45,17.26,,0.05,1.38,4.71,4.81,2.73,0.19
61.68,0.76,17.74,,0.09,2.14,6.51,4.08,1.93,0.3
61.97,0.67,16.65,,0.09,2.4,5.61,3.66,2.6,0.22
58.34,0.85,17.68,,0.15,3.49,6.47,3.66,2.02,0.23
59.3,0.78,17.37,6.22,0.1,3.45,6.32,3.57,2.16,0.24
63.8,0.73,16.55,,0.08,1.64,4.41,4.65,2.58,0.22
63.06,0.82,16.4,,0.08,2.28,4.87,4.34,2.61,0.29
60.75,0.69,17.27,6.14,0.11,2.41,5.59,3.78,2.44,0.22
58.66,0.75,18.04,7.24,0.14,2.84,6.55,3.66,1.81,0.22
61.45,0.69,17.67,5.97,0.11,2.1,5.32,4.24,2.5,0.24
66.22,0.51,15.9,4.02,0.07,1.51,3.72,3.63,3.75,0.15
62.32,0.86,15.55,2.24,0.08,2.09,4.37,3.34,3.78,0.26
60.33,0.93,16.32,2.56,0.09,2.44,4.98,3.81,3.04,0.32
61.76,0.81,15.99,3.01,0.08,2.28,4.71,3.76,3.02,0.27
63.03,0.7,15.76,2.92,0.08,2.06,4.35,3.76,2.94,0.22
73.74,0.19,14.32,1.02,0.05,0.29,0.96,5,4.62,0.06
62.95,0.62,17.25,2.02,0.11,2.05,4.84,3.89,2.84,0.21
59.54,0.72,18,2.37,0.1,2.45,5.79,3.99,2.23,0.23
61.95,0.55,17.42,1.14,0.1,1.78,4.86,4.03,2.7,0.26
58.81,0.74,18.17,4.14,0.1,2.62,6.05,4.1,1.97,0.23
56.69,0.71,17.64,2.45,0.1,3.51,6.57,4.32,1.45,0.29
56.36,0.72,18.86,3.43,0.1,2.93,6.71,3.65,1.55,0.27
56.76,0.95,17.75,4.2,0.13,2.92,6.62,3.92,1.82,0.28
63.16,0.57,16.52,1.85,0.07,2.01,4.42,3.94,3.05,0.17
61.53,0.82,16.3,3.12,0.08,2.4,5,3.74,2.89,0.26
53.16,0.98,17.35,2.84,0.14,5.57,8.57,3.14,1.43,0.24
57.62,0.67,19.06,2.73,0.11,2.54,6.53,4.41,1.45,0.21
57.63,0.96,18.54,4.28,0.12,3.03,6.77,3.9,1.83,0.21
53.52,1.21,18.18,2.98,0.11,5.07,7.95,3.64,1.39,0.3
73.58,0.27,13.15,1.55,0.07,0.47,1.06,3.62,4.73,0.03
61.74,0.67,17.43,6.1,0.11,2.26,5.58,3.83,2.5,0.21
63.24,0.68,15.89,4.34,0.08,1.75,4.24,4.21,3.05,0.2
63.03,0.47,14.23,3.43,0.05,1.06,2.5,2.14,4.28,0.19
66.5,0.44,15.13,3.11,0.11,1.24,2.94,2.99,3.66,0.13
70.2,0.23,14.49,1.65,0.08,1.04,2.24,3.05,3.57,0.06
73.2,0.18,12.91,1,0.06,0.17,0.8,3.69,5.16,0.03
73.5,0.17,13.4,0.88,0.07,0.15,0.79,3.58,5.07,0.03
74,0.16,13.04,0.81,0.06,0.16,0.83,3.06,4.96,0.03
74.1,0.1,13.3,0.75,0.07,0.13,1.12,3.42,4.38,0.04
74.3,0.18,13.2,1.08,0.07,0.28,1.21,4,4.57,0.04
68.5,0.3,14.97,1.85,0.09,0.84,1.86,3.05,4.27,0.11
71.1,0.27,13.68,2.26,0.09,0.82,0.93,2.27,4.65,0.08
71.8,0.11,12.29,0.71,0.08,0.15,1.5,2.86,4.91,0.02
72.7,0.1,13.16,0.73,0.09,0.18,0.68,3.01,4.88,0.05
73,0.11,12.5,0.72,0.08,0.09,1.58,2.84,5.43,0.03
73.6,0.11,12.61,0.71,0.07,0.19,0.8,3.18,5.2,0.02
74.4,0.15,12.62,0.85,0.07,0.39,0.68,5.1,2.92,0.02
74.8,0.13,12.63,0.54,0.07,0.08,0.55,2.72,5.87,0.03
75.7,0.15,12.62,0.88,0.06,0.15,0.8,4,4.56,0.03
69.9,0.22,14.2,1.56,0.05,0.68,1.55,3.05,5.16,0.06
70.4,0.22,13.06,1.6,0.1,0.61,1.67,2.88,5.48,0.08
71.2,0.16,14.2,1.1,0.1,0.6,1.24,2.38,5.1,0.06
,,,,,,,,,
,,,,,,,,,
,,,,,,,,,
,,,,,,,,,
,,,,,,,,,
61.6,0.77,17,5.24,0.12,1.74,4.25,4.49,3.28,0.38
49.6,0.97,15.1,9.1,0.15,7.34,9.26,2.19,3.03,0.34
54.6,0.72,16,6.39,0.08,2.83,5.79,3.2,2.21,0.19
66.7,0.65,15.6,3.73,0.09,0.98,2.64,4.35,4.7,0.23
50.7,1.23,16.6,9.52,0.13,6.62,9.09,3.07,1.33,0.22
53.4,1,17,8.16,0.14,3.93,7.46,3.46,3.04,0.4
58.1,0.82,15.3,6.89,0.21,3.52,5.6,3.02,2.93,0.27
59.8,0.9,16.4,5.88,0.12,2.57,5.28,3.48,3.46,0.3
51.9,1.04,16.1,8.47,0.14,6.34,8.1,3.26,1.69,0.29
58.4,0.71,17.7,6.52,0.12,3.06,6.62,3.95,2.01,0.22
61,0.88,15.8,6.06,0.09,2.69,4.7,3.52,3.91,0.26
57.8,0.73,18.3,7.04,0.13,2.76,6.61,4.18,1.31,0.22
71.5,0.37,14.8,1.52,0.03,0.17,1.32,4.58,4.45,0.12
65.18,0.61,15.49,4.22,0.03,1.76,3.46,4.25,3.7,0.28
65.11,0.65,15.79,4.15,0.04,1.79,3.49,4.48,3.92,0.21
65.21,0.62,15.99,4.43,0.02,1.76,3.1,4.04,3.99,0.22
75.09,0.12,11.31,0.75,0.01,0.1,0.53,0.88,6.88,0.04
51.12,1.05,14.3,9.46,0.13,4.79,8.88,2.39,4.99,0.56
49.69,1.11,16.68,9.86,0.15,6.17,9.26,2.79,2.86,0.55
57.56,1.06,16.27,6.02,0.05,3.22,5.21,3.57,3.2,0.35
64.95,0.72,15.24,5.17,0.12,1.95,3.29,3.23,4.18,0.34
52.46,1.36,16.25,9.67,0.13,5.29,7.74,2.98,1.97,0.42
77.25,0.17,11.39,1.28,0,0.1,0.23,1.79,6.09,0.08
65.05,0.21,12.54,1.5,0.01,0.6,4.22,0.96,2.52,0.07
70.76,0.12,13.42,1.03,0.08,0.51,0.62,2.22,5.73,0.08
70.52,0.35,14.54,2.51,0.04,0.57,1.52,3.28,4.81,0.13
70.06,0.41,15.17,2.64,0.03,0.58,1.69,3.63,4.76,0.11
68.84,0.44,15.42,2.81,0.05,0.66,1.8,3.6,4.49,0.09
63.3,0.34,13.81,3.9,0.06,2.2,3.42,0.11,4.49,0.19
65.15,0.36,12.9,2.51,0.03,0.96,3.37,1.4,3.04,0.09
63.22,0.17,11.94,1.41,0.13,0.48,3.04,1.42,3.11,0.03
63.77,0.62,17.96,3.87,0.08,0.91,1.66,3.88,4.68,0.17
69.96,0.42,14.55,2.52,0.03,0.65,1.74,3.39,4.54,0.11
64.21,0.2,12.02,1.44,0.1,0.35,3.33,1.55,3.03,0.12
59.95,0.55,18.47,4.4,0.08,0.52,0.67,2.16,11,0.2
72.28,0.24,14,1.66,0.03,0.19,0.64,2.24,7.24,0.15
69.21,0.38,14.61,2.63,0.02,0.45,1.48,3.34,4.52,0.94
69.11,0.4,15.31,2.86,0.07,0.58,1.67,3.37,4.54,0.2
69.79,0.38,14.79,2.87,0.02,0.62,1.53,3.23,4.58,0.16
67.9,0.46,14.3,2.84,0.07,0.35,1.51,3.27,5.56,0.08
59.8,0.4,15.4,3.2,0.07,1.55,6.84,3.08,4.28,0.14
67.33,0.33,14.71,1.65,0.09,0.3,0.88,2.82,5.96,0.04
71.8,0.28,15.4,1.93,0.04,0.16,0.67,3.01,3.99,0.06
71.7,0.28,15.4,1.96,0.04,0.17,0.68,3.03,3.95,0.06
69.8,0.11,11.7,0.77,0.09,0.18,2.42,3.45,4.46,0.04
72.7,0.28,13.8,2.04,0.09,0.51,1.6,3.91,4.17,0.08
63.6,0.58,15.2,5,0.1,2.06,3.88,3.02,3.63,0.21
64.2,0.38,14.9,2.87,0.08,2.01,3.26,3.08,3.01,0.12
70.2,0.16,12.1,1.08,0.07,0.5,1.34,2.61,5.19,0.02
71.7,0.16,13,1.11,0.08,0.48,0.68,2.66,5.25,0.02
72.2,0.22,14.5,1.7,0.04,0.27,1.05,4.59,4.57,0.05
69.7,0.13,13.3,1.04,0.08,0.25,1.11,3.18,4.67,0.05
71.4,0.19,13.3,1.27,0.08,0.31,0.96,3.79,4.27,0.05
72.3,0.27,13.7,2.32,0.09,0.39,1.26,4.17,4.78,0.05
72.1,0.18,13.2,1.14,0.07,0.26,1.03,3.93,4.1,0.04
71.1,0.16,13.1,1.12,0.06,0.52,0.69,2.61,5.31,0.02
69.8,0.19,14.6,1.42,0.06,0.23,0.71,1.76,4.65,0.03
,,,,,,,,,
61.4,0.61,16,5.38,0.09,2.07,4.81,3.49,2.69,0.18
71.1,0.21,13.1,1.47,0.07,0.42,1.25,2.72,5.02,0.06
80,0.1,8.9,0.79,0.05,0.09,0.53,2.08,3.52,0.02
,,,,,,,,,
59.9,0.76,17.58,,0.08,2.66,6.29,4.04,2.05,0.23
51.19,1.27,18.96,,0.17,3.49,9.3,3.59,1.39,0.33
61,0.63,17.49,,0.11,2.13,5.68,3.61,2.24,0.19
61.65,0.56,17.78,,0.1,1.85,4.88,3.48,2.71,0.23
58.29,0.63,18.27,,0.1,2.01,6.1,3.59,2.01,0.25
71.78,0.21,14.14,1.15,0.1,0.47,0.77,2.76,5.34,0.06
72.09,0.21,14.21,1.16,0.1,0.43,0.86,2.78,5.11,0.06
65.79,0.68,16.72,5.05,0.1,2.05,4.33,3.7,3.33,0.18
64.55,0.62,16.09,4.78,0.09,1.86,3.39,2.89,4.08,0.16
74.85,0.21,14.01,1.23,0.05,0.26,1.01,4.68,3.79,0.06
75.43,0.22,14.1,1.23,0.05,0.24,1.01,4.72,3.8,0.06
71.36,0.39,13.54,2.18,0.05,0.81,1.72,3.28,5.26,0.19
71.16,0.4,13.88,2.23,0.04,0.86,1.72,2.93,5.52,0.15
73.78,0.09,12.74,0.72,0.06,0.06,0.83,2.18,5.8,0.01
74.45,0.09,12.83,0.74,0.06,0.05,0.77,2.68,5.67,0.02
74.38,0.09,12.91,0.7,0.07,0.05,0.76,2.21,6.11,0.02
73,0.09,12.51,0.7,0.07,0.05,0.75,2.25,5.87,0.01
74.63,0.13,12.73,0.99,0.05,0.16,0.87,2.05,6.02,0.02
65.31,0.52,16.53,3.9,0.07,1.06,2.73,3.2,4.72,0.02
72.89,0.39,13.27,2.21,0.04,0.76,1.72,3.9,4.13,0.13
56.9,0.66,18.52,,0.14,3.03,7.16,3.61,1.18,0.23
58.4,0.64,18.3,,0.14,2.85,6.68,3.45,1.67,0.22
61,0.53,17.6,,0.12,2.22,5.76,3.45,2.06,0.22
57.8,0.66,18.2,,0.15,3.25,7.15,3.41,1.45,0.22
75.53,0.13,12.58,0.76,0.05,0.15,0.63,2.45,5.63,0.05
62.98,0.54,15.49,4.31,0.08,1.29,6.17,3.42,3.08,0.15
62.62,0.14,14.05,0.95,0.13,3.65,1.96,2.1,1.72,0.03
67.32,0.07,10.52,0.76,0.11,1.06,7.38,1.11,1.31,0.03
66.14,0.06,10.33,0.8,0.11,1.03,7.28,1.08,1.3,0.03
75.79,0.16,13.05,0.98,0.07,0.13,0.6,3.46,5.12,0.02
75.63,0.18,12.72,1.13,0.06,0.31,1.1,4.32,2.92,0.03
79.55,0.09,8.08,0.54,0.02,0.47,1.56,1.43,1.69,0.01
78.67,0.12,12.2,0.77,0.08,0.06,0.4,3.52,4.71,0.02
76.56,0.09,9.57,0.64,0.03,0.32,1.86,1.84,2.09,0.01
75.44,0.18,7.86,1.45,0.03,0.81,1.15,2.34,1.96,0.07
75.72,0.18,7.93,1.48,0.03,0.82,1.14,2.32,1.98,0.07
61.65,0.24,12.36,1.87,0.05,0.81,2.86,7.55,2.91,0.07
61.95,0.24,12.46,1.92,0.06,0.83,2.86,7.67,2.91,0.08
73.33,0.18,13.8,1.41,0.07,0.54,1.8,3.88,3.76,0.04
58.26,0.68,18.46,3.84,0.12,2.77,6.95,4.21,1.35,0.24
60.78,0.51,17.2,3.93,0.11,2.13,5.7,3.3,2.35,0.21
57.8,0.7,18.45,3.47,0.11,3.16,6.93,4.14,1.39,0.24
60.4,0.63,16.54,2.81,0.09,2.86,5.46,3.27,2.53,0.2
59.83,0.63,17.37,3.27,0.12,2.45,5.69,3.59,2.42,0.21
53.29,0.97,17.95,5.42,0.16,2.97,7.25,3.71,2.31,0.43
43.96,0.89,11.29,5.29,0.18,14.8,10.27,4.04,1.94,0.53
50.7,0.89,17.4,,0.14,6.22,8.87,3.04,1.2,0.2
61.3,0.55,17.4,,0.13,1.96,5.08,4.33,2.24,0.31
58.36,0.69,18.68,7.04,6.16,3.83,2.26,0.3,,
61.1,0.52,17.26,3.25,0.1,2.14,5.43,3.76,2,0.21
54.6,0.96,17.7,,0.13,3.97,7.46,3.65,1.81,0.25
56.2,0.83,17.9,,0.12,3.52,7.01,3.66,1.53,0.2
58.8,0.73,18.23,5.7,0.09,2.86,6.27,4.17,1.62,0.24
59.2,0.77,17.15,5.9,0.09,3.49,6.17,3.95,1.9,0.19
57.13,0.62,18.28,7.39,0.17,3.85,7.27,4.52,1.2,0.23
57.43,0.9,17.2,7.32,0.1,3.84,6.65,3.9,1.83,0.25
62.6,0.74,16.6,,0.1,1.18,4.37,4.35,3.17,0.28
60.5,0.82,15.9,,0.09,2.78,5.08,3.16,3.38,0.25
56.8,0.88,17.8,,0.14,3.43,6.94,3.65,1.87,0.21
57.2,0.84,17.7,,0.12,3.2,6.56,3.71,1.9,0.2
59.2,0.81,17,,0.11,2.59,5.37,3.66,2.96,0.3
62.2,0.68,17.44,,0.07,1.93,5.65,4.39,2.01,0.34
53.43,0.92,15.79,7.66,0.15,4.14,8.17,3.32,3.33,0.31
59.48,0.57,17.7,4.27,0.03,1.34,3.51,4.29,2.64,0.35
56.15,0.97,17.29,8.39,0.05,3.51,3.7,6.75,1.59,0.35
57.24,0.89,17.24,7.75,0.06,2.9,3.49,5.18,3.74,0.35
49.69,0.91,14.43,8.83,0.09,1.74,8.71,2.88,5.43,0.54
52.57,1.05,16.16,8.61,0.08,4.78,7.62,3.41,3.41,0.42
50.35,0.99,15.6,8.01,0.12,2.96,10.41,3.38,3.66,0.4
53.66,1.05,16.82,8.54,0.1,3.16,7.55,3.59,3.81,0.46
58.39,1.04,16.85,6.75,0.2,0.93,4.49,3.95,3.9,0.36
48.53,1.38,15.21,11.4,0.17,4.71,9.22,4.21,2.56,0.69
53.24,1.05,16.76,8.31,0.1,3.06,8.48,3.63,3.69,0.48
48.21,1.4,16.46,8.79,0.15,2.78,11.61,3.36,2.64,0.43
53.96,1.04,18.47,8.41,0.25,2.65,7.96,3.66,2.68,0.5
57.18,0.94,17.4,7.83,0.15,2.52,4.65,4.73,3.48,0.39
62,0.49,16.9,5.01,0.12,1.6,4.52,3.4,3.05,0.2
50.19,0.91,15.42,9.37,0.14,8.11,8.51,2.5,2.26,0.46
51.89,0.9,14.96,9.12,0.2,4.01,6.67,2.55,6.15,0.58
51.82,0.89,16.31,9.07,0.35,3.26,7.23,2.54,5.87,0.61
45.78,0.97,11.78,11.65,0.18,7.91,11.29,3.65,1.46,0.86
49.51,0.98,15,8.05,0.1,3.35,10.37,3.2,3.48,0.54
57.15,0.64,17.85,6.35,0.07,1.7,3.99,3.9,6.24,0.44
71.62,0.28,15.25,2.01,0.05,0.57,1.79,3.53,4.27,0.12
50.9,0.08,9.2,0.59,0.04,0.86,9.09,1.93,3.17,0.02
74.4,0.23,13.2,1.65,0.07,0.26,0.93,3.91,3.97,0.03
75.2,0.18,11.9,1.61,0.04,0.42,1.01,2.74,4.26,0.04
71.7,0.22,12.8,1.77,0.06,0.79,1.71,2.15,4.86,0.06
65.6,0.54,15.2,3.2,0.07,1.13,2.88,4.47,3.58,0.2
62.22,0.77,17.12,,0.25,2.8,5.87,3,2.14,
66.63,0.33,15.56,,0.09,1.86,3.89,3.31,3.82,0.41
69.9,0.45,14.46,2.66,0.05,0.73,2.91,3.38,4.47,0.12
69.9,0.43,14.36,2.55,0.05,0.87,2.48,3.33,4.28,0.12
,,,,,,,,,
57.27,1.35,16.33,3.01,0.09,3.77,5.94,4.3,2.54,0.47
59.85,1.08,16.08,3.06,0.08,2.92,5.15,4.39,2.98,0.43
52.27,1.49,15.92,3.99,0.15,6.23,8.22,3.01,2.23,0.44
64.21,0.68,15.86,2.69,0.06,1.76,3.81,4.14,3.34,0.27
59.51,1.18,16.48,4.13,0.07,2.21,5.15,4.85,3.02,0.46
44.66,2.28,13.72,3.76,0.18,9.39,12.16,3.06,1.32,0.73
52.52,1.4,16,2.33,0.14,7.63,8.12,3.14,2.08,0.37
53.77,1.38,15.92,1.14,0.13,7.18,7.41,3.15,2.34,0.35
53.97,1.25,17.26,3.43,0.12,4.29,7.67,3.84,2.24,0.4
53.68,1.69,16.49,3.06,0.11,5.69,7.45,4.15,1.95,0.56
61.12,1.71,14.08,1.59,0.07,2.9,3.87,3.02,4.7,0.87
60.93,1.73,14.14,1.56,0.07,2.9,3.87,3.04,4.71,0.87
56.52,0.74,16.94,3.53,0.17,2.39,6.57,3.2,2.63,0.35
63.31,1.08,16.53,1.32,0.06,2.11,4.53,2.81,4.24,0.41
56.58,1.48,16.12,2.94,0.1,4.01,6.02,4.45,2.73,0.54
58.39,0.9,18.71,3.65,0.11,1.73,5.53,4.01,3.16,0.43
58.97,1.02,16.94,3.67,0.11,2.78,5.84,4.11,2.82,0.39
56.42,1.51,16.06,3.11,0.1,4.13,6.16,4.24,2.58,0.52
61.78,0.99,15.28,3.82,0.08,2.58,4.7,4.75,3.3,0.54
55.73,1.05,17.34,2.49,0.08,4.05,7.24,3.89,1.97,0.25
55.88,1,17.51,3.12,0.12,3.77,6.99,3.72,2.26,0.35
50.81,0.97,19.56,3.35,0.13,3.02,6.98,4.98,2.84,0.67
65.75,0.61,14.97,3.43,0.05,1.47,2.91,3.92,4.4,0.24
,,,,,,,,,
,,,,,,,,,
,,,,,,,,,
52.45,0.77,19.77,2.1,0.18,1.36,3.04,8.47,5.48,0.19
59.85,0.98,15.95,3.31,0.09,3.37,4.87,3.91,2.78,0.36
,,,,,,,,,
65.56,0.88,15.88,4.11,0.04,1.33,3.41,4.15,3.89,0.32
51.06,0.93,15.47,3.05,0.15,9.06,9.17,2.67,1.19,0.19
53.4,0.99,15.35,2.05,0.14,7.94,7.02,3.01,1.86,0.27
61.7,0.61,17,5.37,0.19,1.27,5.3,3.89,2.72,0.28
53.5,0.63,17.3,6.48,0.27,1.76,8.6,3.99,3.59,0.28
51.5,0.54,15.3,4.92,0.21,1.15,10.26,3.69,3.17,0.24
64.72,,16.02,,,1.69,,,,
67.9,,15.12,,,1.24,,,,
57.67,,18.12,,,2.57,,,,
61.19,0.66,16.83,3.09,0.14,2.38,4.92,3.37,2.37,0.17
63.65,0.75,15.6,2.44,0.11,2.38,4.35,3.5,3.36,0.12
65.05,0.66,15.35,2.49,0.06,1.81,4,3.19,3.7,0.11
62.65,0.46,17.24,2.74,0.11,1.61,5.53,3.21,2.63,0.34
60.27,0.59,16.98,3.11,0.19,2.96,6.35,3.18,2.17,0.16
63.67,0.48,16.56,2.54,0.13,2,5.54,3.35,2.25,0.15
66,0.42,16.14,2.22,0.12,1.65,4.62,3.1,2.69,0.13
53.2,0.86,18.9,4.36,0.19,3.61,9.19,2.52,1.37,0.25
61.12,0.92,15.78,3.19,0.13,2.35,5.05,3.88,3.21,0.2
55.49,1.09,16.68,4.12,0.14,3.57,7.55,3.46,2.27,0.32
66.25,0.55,15.91,2.06,0.1,1.57,3.74,3.84,3.11,0.22
59.72,0.74,17.53,3.03,0.15,2.69,5.93,4.19,1.85,0.22
57.3,1.19,17.6,3.6,0.18,2.97,7.13,3.17,2,0.21
53.85,1.19,18.85,3.93,0.09,3.05,6.24,4.18,2.82,0.76
67.64,0.32,15.34,2.03,0.15,1.57,2.85,4.09,3.19,0.12
66.9,0.5,14.9,4.27,0.08,1.57,3.27,2.98,4.46,0.11
55.9,0.85,17,8.19,0.14,4.38,7.05,4.11,1.56,0.19
66.4,0.37,16.58,4,0.15,1.19,5.23,3.56,1.9,0.15
,,,,,,,,,
61.7,0.47,17.8,4.72,0.05,1.38,3.54,5.19,4.31,0.2
65.65,0.59,16.22,1.97,0.07,1.61,4.12,3.97,2.6,0.13
57.7,0.8,16.11,1.8,0.17,4.75,6.97,2.93,2.13,0.1
59.05,0.82,16.13,1.91,0.14,3.8,6.19,2.91,2.48,0.1
71.71,0.39,13.37,1.59,0.03,0.71,1.47,2.44,6.05,0.04
52.72,1.17,16.89,4.51,0.16,4.72,7.19,3.34,2.02,0.2
63.19,0.75,15.57,1.91,0.17,2.3,4.33,3.31,2.87,0.11
58.1,0.84,16.85,2.97,0.13,3.04,5.74,3.5,2.41,0.02
55.24,0.95,18.25,5.22,0.14,3.73,7.2,3.46,1.14,0.14
64.37,0.26,17.63,0.27,0.17,0.39,1.41,5.51,6.4,0.06
67.23,0.48,15.27,1.92,0.08,1.52,3.1,3.78,3.65,0.01
63.96,0.79,15.13,1.54,0.11,2.38,3.26,2.21,3.5,0.11
65.39,0.81,15.81,1.92,0.04,2.26,2.68,2.65,3.67,0.1
56.53,0.88,17.57,3.19,0.15,3.46,6.23,3.5,2.28,0.18
56.67,0.7,17.83,2.69,0.13,4.06,6.83,3.2,1.6,0.08
63.88,0.8,15.84,3.19,0.1,1.98,4.26,3.55,3.1,0.14
58.47,0.72,16.67,2.53,0.11,3.68,6.77,3.19,1.82,0.1
45.24,1.03,20.71,4.69,0.17,5.12,12.63,1.77,0.38,0.06
62.97,0.64,15.95,2.21,0.1,2.64,5.14,3.24,2.62,0.09
62.37,0.62,16.63,1.85,0.09,2.63,5.08,3.68,2.61,0.11
74.25,0.27,12.75,1.2,0.03,0.41,0.46,2.96,5.88,0.01
63.95,0.68,15.97,2.3,0.01,1.58,3.94,3.68,3.34,0.14
63.16,0.79,14.86,2.4,0.1,2.3,4.37,3.05,3.8,0.15
58.43,1.03,16.18,2.31,0.13,3.38,6.57,3.06,2.59,0.2
64,0.76,15.06,2.04,0.08,2.5,4.45,3.1,3.62,0.1
67.15,0.53,14.38,1.64,0.08,1.74,2.77,2.65,4.54,0.09
58.99,0.8,17.8,2.58,0.15,2.64,5.81,3.78,1.61,0.18
63.69,0.77,15.05,1.98,0.08,2.46,4.42,3.06,3.67,0.1
67.22,0.54,14.58,1.38,0.09,1.63,3.01,2.9,4.28,0.09
64.91,0.47,15.37,3.52,0.08,2.02,4.1,3.62,3.03,0.01
61.07,0.48,17.24,3.5,0.13,1.87,5.44,3.86,2.29,0.19
53.1,0.98,16.99,4.5,0.14,5.14,7.12,3.84,1.37,0.17
60.7,0.87,15.61,2.02,0.11,2.85,4.83,3.37,3.13,0.15
60.33,0.89,15.6,2.21,0.1,2.97,5.4,3.08,3.1,0.16
63.45,0.6,16.4,2.37,0.09,2.33,5.15,3.43,2.31,0.09
63.58,0.59,16.04,2.12,0.09,2.28,4.77,3.33,2.61,0.08
57.53,0.85,16.7,3.54,0.13,3.39,6.79,3.34,2.04,0.18
54.08,0.73,20.45,2.07,0.13,1.92,6.65,3.86,4.53,0.48
58.32,0.57,20.03,1.61,0.14,0.92,4.25,3.44,7.49,0.32
49.52,1.03,18.89,2.63,0.21,4,8.8,3.46,2.28,0.8
44.49,1.36,18.05,5.11,0.28,5.08,11.15,2.4,2.31,0.96
64.27,0.38,16.54,2.2,0.13,0.88,2.8,4.06,5.52,0.11
73.47,0.28,13.53,1.21,0.03,0.55,1.63,3.88,3.47,0.03
72.54,0.32,13.98,1.29,0.04,0.74,2.21,3.83,3.34,0.05
77.02,0.14,11.86,0.15,0.03,0.08,0.48,2.62,5.54,0
58.89,0.71,17.76,2.99,0.13,2.27,4.95,3.37,4.19,0.21
54.95,0.7,18.11,3.44,0.18,3.2,7.43,3.45,2.23,0.24
53.03,0.91,17.49,4.55,0.2,4.24,7.8,3.55,1.99,0.26
62.28,0.61,16.17,2.42,0.1,2.36,5.21,3.29,2.35,0.09
60.67,0.44,18.05,2.26,0.15,1.1,3.62,4.54,5.18,0.16
59.86,0.87,16.01,4.67,0.12,3.18,3.98,3.48,2.95,0.19
63.16,0.61,17.22,3.19,0.07,2.37,3.93,4.61,3.38,0.17
61.13,0.9,15.89,3.25,0.12,3.16,5.32,3.35,2.92,0.2
59.25,1,16.44,4.18,0.11,3.18,5.46,3.8,2.77,0.23
62.18,0.85,15.93,2.39,0.13,2.9,4.99,3.68,3.14,0.19
64.03,0.48,16.95,2.61,0.12,1.92,3.83,4.16,2.69,0.21
64.12,0.52,16.77,2.77,0.11,1.91,3.39,3.69,2.71,0.21
63.94,0.47,16.76,1.52,0.11,1.85,3.25,4.43,2.66,0.21
61.1,0.9,16.01,3.37,0.1,2.91,5.06,3.73,2.86,0.21
67.41,0.58,14.76,2.35,0.06,1.61,1.22,3.51,4.54,0.13
59.25,0.9,17.13,3.29,0.15,3.12,5.84,3.88,2.4,0.22
68.04,0.52,15.06,1.96,0.08,1.32,2.82,3.76,4.08,0.15
55.72,0.69,20.57,3.48,0.08,3.05,6.26,5.01,1.88,0.3
62.46,0.79,15.48,3.68,0.12,2.95,4.52,4.05,3.42,0.17
68.48,0.33,16.88,1.51,0.08,0.32,2.52,4.95,3.21,0.2
61.25,0.79,16.17,3.71,0.12,2.97,4.99,3.88,3.02,0.19
58.06,0.86,19.9,4.52,0.18,1.48,6.41,4.2,2.13,0.32
59.76,0.86,16.87,3.34,0.12,3.17,5.61,3.92,2.54,0.23
74.52,0.18,14.04,0.1,0.01,0.15,0.25,3.67,4.77,0.03
75.04,0.2,13.37,0.9,0.01,0.7,0.06,1.84,5.21,0.04
61.18,0.9,15.99,3.17,0.11,3.12,5.28,3.41,3.16,0.19
56.48,0.94,16.89,3.86,0.19,3.78,6.18,3.68,2.9,0.21
58.31,0.95,19.3,3.01,0.17,2.4,6.58,4.76,1.85,0.32
