Ba,Ce,Cr,Cs,Dy,Er,Eu,Ga,Gd,Hf,Ho,La,Lu,Nb,Nd,Pr,Rb,Sm,Sn,Sr,Ta,Tb,Th,Tm,U,V,W,Y,Yb,Zr,SiO2,Al2O3,Fe2O3,CaO,MgO,Na2O,K2O,Cr2O3,TiO2,MnO,P2O5,SrO,BaO,LOI,Total,Ag,As,Cd,Co,Cu,Li,Mo,Ni,Pb,Sc,Tl,Zn,AreaID
205,13.2,30,1.42,2.84,1.87,0.84,18.9,2.58,1.1,0.52,5.7,0.24,0.9,10,1.89,12.9,2.68,1,429,0.2,0.41,0.5,0.23,0.2,285,1,15.3,1.75,33,49.8,19,9.88,9.7,4.7,2.53,0.6,0.003,0.75,0.17,0.16,0.05,0.02,1.4,98.63,0.5,5,0.5,28,135,10,1,13,5,26,10,94,subduction
,,,,,,,,,,,,,,,,,,,,,,,,,,,,,,,,,,,,,,,,,,,,,,,,,,,,,,,,,
647,42.2,20,4.75,3.25,2.12,0.78,16.4,3.4,5.1,0.65,22.8,0.34,6.2,20.9,5.35,102,4.27,1,265,0.7,0.48,11.9,0.31,1.9,61,2,20,2.34,173,70.4,14.7,3.74,2.3,1,4.12,3.5,0.002,0.43,0.07,0.11,0.02,0.07,0.9,101.4,0.5,6,0.5,5,16,30,2,7,23,7,10,42,subduction
,,,,,,,,,,,,,,,,,,,,,,,,,,,,,,,,,,,,,,,,,,,,,,,,,,,,,,,,,
300,32.6,20,6.95,3.8,2.31,1.02,19.2,3.99,3.6,0.79,15.1,0.39,2.8,18,4.12,73.2,4.07,1,397,0.4,0.56,11,0.32,2,242,2,20.6,2.48,118,55.5,17.6,8.87,7.8,3.9,2.97,1.8,0.003,0.69,0.17,0.13,0.04,0.03,0.7,100.17,0.5,13,0.5,24,92,20,2,9,29,24,10,109,subduction
,,,,,,,,,,,,,,,,,,,,,,,,,,,,,,,,,,,,,,,,,,,,,,,,,,,,,,,,,
343,51.1,10,4.72,3.76,2.59,0.74,20.6,3.41,4,0.82,23.7,0.37,6.8,20.9,5.57,115,4.22,1,157,0.8,0.57,9.7,0.41,1.8,26,1,24,2.8,136,71.4,14.9,3.86,2.7,0.7,3.61,2.4,0.002,0.25,0.05,0.09,0.01,0.04,1.3,101.24,0.5,5,0.5,5,1,30,1,2,21,5,10,45,subduction
,,,,,,,,,,,,,,,,,,,,,,,,,,,,,,,,,,,,,,,,,,,,,,,,,,,,,,,,,
18.2,0.8,640,0.07,0.35,0.35,0.18,9.2,0.43,0.2,0.13,0.6,0.12,0.2,0.8,0.2,0.3,0.28,1,86,0.1,0.12,0.1,0.1,0.1,82,1,2.1,0.33,3,49.2,17.7,5.7,13.3,12.8,0.59,0,0.091,0.1,0.11,0.01,0.01,0.01,0.5,100.04,0.5,5,0.6,37,190,10,1,150,2,28,10,29,subduction
,,,,,,,,,,,,,,,,,,,,,,,,,,,,,,,,,,,,,,,,,,,,,,,,,,,,,,,,,
128,6,60,0.07,3.26,2.46,0.72,15.2,2.74,1.6,0.68,2.1,0.33,2.8,5.7,0.96,1,2.13,1,103,0.2,0.44,0.3,0.29,0.1,317,1,18.7,2.22,46,51.1,13.5,12.45,10.3,6.3,2.24,0,0.009,0.95,0.18,0.07,0.01,0.01,1.1,98.14,0.5,5,0.7,43,113,10,1,63,2,42,10,90,subduction
,,,,,,,,,,,,,,,,,,,,,,,,,,,,,,,,,,,,,,,,,,,,,,,,,,,,,,,,,
508,138.5,10,0.45,6.97,3.77,2.39,25.3,7.26,20.3,1.33,59.1,0.65,116,50.6,13.85,115,9.06,4,60,7.2,1.22,6.6,0.62,0.8,15,2,30.5,3.45,845,63.4,17.8,4.67,0.9,0.5,7.32,4.8,0.002,0.44,0.3,0.23,0.01,0.05,1.5,101.93,0.5,5,0.5,1,1,30,1,1,11,7,10,142,plume
,,,,,,,,,,,,,,,,,,,,,,,,,,,,,,,,,,,,,,,,,,,,,,,,,,,,,,,,,
471,59.7,110,0.45,5.54,2.92,2.35,21.3,7.12,5.3,1.07,27.5,0.38,35.2,32.5,7.67,33.9,7.39,2,637,2.3,0.97,2.5,0.45,0.9,282,1,26.6,2.54,209,47,15.7,14.25,8.6,6.4,3.88,1.3,0.016,2.73,0.19,0.43,0.07,0.05,-0.3,100.36,0.5,5,0.6,44,54,10,1,86,4,19,10,106,plume
,,,,,,,,,,,,,,,,,,,,,,,,,,,,,,,,,,,,,,,,,,,,,,,,,,,,,,,,,
105.5,26.6,460,0.08,5.59,2.53,1.77,20.2,5.8,4.1,0.96,10.7,0.28,11,20.4,3.98,6.7,5.6,2,322,0.7,0.79,0.8,0.35,0.3,285,1,24.7,2.06,146,50,12.9,13.15,10.4,8.8,2.26,0.4,0.069,2.42,0.18,0.25,0.04,0.01,-0.6,100.25,0.5,5,1,49,118,10,1,201,3,29,10,109,plume
,,,,,,,,,,,,,,,,,,,,,,,,,,,,,,,,,,,,,,,,,,,,,,,,,,,,,,,,,
105.5,28.1,390,0.06,5.79,2.6,1.82,21.9,6.26,4,1.02,10.9,0.28,11,21,4.11,6.4,5.48,1,342,0.8,0.89,0.8,0.37,0.2,302,1,27.8,2.17,151,50.3,13.3,12.65,10.8,7.7,2.33,0.4,0.058,2.39,0.18,0.24,0.04,0.01,-0.7,99.7,0.5,5,1.1,45,128,10,1,137,2,30,10,107,plume
,,,,,,,,,,,,,,,,,,,,,,,,,,,,,,,,,,,,,,,,,,,,,,,,,,,,,,,,,
102,27.9,250,0.09,5.22,2.55,1.79,21.2,6.09,4.1,0.92,11.1,0.25,12.1,19.1,3.93,6.6,5.55,1,327,0.8,0.88,0.8,0.3,0.3,305,1,27.1,2.06,143,50.5,13.5,13.15,10.6,7,2.39,0.4,0.037,2.39,0.19,0.22,0.04,0.01,-1.1,99.23,0.5,5,1,44,134,10,1,84,2,30,10,107,plume
,,,,,,,,,,,,,,,,,,,,,,,,,,,,,,,,,,,,,,,,,,,,,,,,,,,,,,,,,
989,150,10,0.24,10,5.13,4.33,21.2,12.3,14.3,1.67,72.1,0.57,88.6,79.5,19.1,64,14.75,3,1350,5.1,1.65,6.6,0.62,2.4,6,2,50.7,4.35,655,59,18.2,7.24,2.8,1.1,7.31,3,0.002,1.05,0.25,0.71,0.16,0.11,0.3,101.23,0.5,6,0.5,4,1,10,1,2,7,2,10,127,plume
,,,,,,,,,,,,,,,,,,,,,,,,,,,,,,,,,,,,,,,,,,,,,,,,,,,,,,,,,
71.8,21.4,560,0.04,4.37,2.48,1.49,18.8,5.09,3.3,0.81,8.4,0.26,7.8,16,3.14,4.5,4.37,1,270,0.6,0.73,0.5,0.29,0.2,280,1,23.5,1.98,120,48.7,12.3,12.7,9.2,10.5,1.91,0.3,0.083,1.93,0.18,0.21,0.03,0.01,0.5,98.52,0.5,5,0.9,53,100,10,1,299,2,27,10,106,plume
,,,,,,,,,,,,,,,,,,,,,,,,,,,,,,,,,,,,,,,,,,,,,,,,,,,,,,,,,
99.8,24.7,240,0.07,4.98,2.57,1.74,20.1,5.46,3.4,0.94,9.6,0.29,8.7,18.4,3.53,6.6,4.74,1,343,0.7,0.81,0.6,0.31,0.2,294,1,25.8,1.93,128,50.9,13.5,12.15,10.4,6.9,2.35,0.4,0.035,2.03,0.17,0.25,0.04,0.01,-0.6,98.42,0.5,5,0.9,43,131,10,1,113,2,29,10,109,plume
,,,,,,,,,,,,,,,,,,,,,,,,,,,,,,,,,,,,,,,,,,,,,,,,,,,,,,,,,
90.2,23.3,400,0.05,4.53,2.14,1.4,17.3,4.94,3,0.74,9.1,0.23,8.8,16.2,3.31,5.6,4.7,1,314,0.6,0.76,0.6,0.27,0.2,256,1,22.2,1.77,115,51,13.2,12.6,10.2,9.1,2.3,0.4,0.066,2.01,0.18,0.23,0.04,0.01,-0.7,100.56,0.5,5,0.8,49,113,10,1,179,2,27,10,104,plume
,,,,,,,,,,,,,,,,,,,,,,,,,,,,,,,,,,,,,,,,,,,,,,,,,,,,,,,,,
100.5,25.7,290,0.05,4.88,2.6,1.63,19,5.51,3.5,0.87,10.1,0.27,9.2,18.4,3.7,6.7,5.3,1,336,0.7,0.81,0.6,0.25,0.2,293,1,25.9,1.96,133,51.4,13.4,12.5,10.5,7.7,2.35,0.4,0.044,2.17,0.17,0.26,0.04,0.01,-0.7,100.27,0.5,5,1,45,125,10,1,118,7,29,10,106,plume
,,,,,,,,,,,,,,,,,,,,,,,,,,,,,,,,,,,,,,,,,,,,,,,,,,,,,,,,,
92.3,22.9,520,0.06,4.61,2.41,1.42,19.1,4.99,3.2,0.81,9,0.24,8.1,17.2,3.38,6.1,4.33,1,318,0.6,0.74,0.7,0.29,0.2,272,1,23.8,1.97,123,50.2,12.7,13.1,9.8,10.1,2.2,0.4,0.078,2,0.18,0.23,0.04,0.01,-0.6,100.33,0.5,5,0.8,52,115,10,1,226,2,27,10,107,plume
,,,,,,,,,,,,,,,,,,,,,,,,,,,,,,,,,,,,,,,,,,,,,,,,,,,,,,,,,
284,38.1,490,0.2,4.38,2.38,1.4,18.8,5.08,3.4,0.8,17,0.23,21.9,21.2,4.93,17.2,4.91,1,455,1.4,0.7,1.5,0.24,0.4,327,1,21.5,1.59,136,45.7,13.5,14.65,10,11.1,2.77,0.8,0.074,2.16,0.2,0.29,0.05,0.03,-0.8,100.56,0.5,6,0.7,64,79,10,1,297,2,25,10,107,plume
,,,,,,,,,,,,,,,,,,,,,,,,,,,,,,,,,,,,,,,,,,,,,,,,,,,,,,,,,
79.7,20.2,310,0.05,4.7,2.26,1.46,19,5.14,3.2,0.84,7.8,0.27,7.4,16.2,3,5,4.29,1,277,0.6,0.77,0.5,0.31,0.2,271,1,24.4,2.15,117,50.8,13.1,12.35,10,7.6,2.25,0.3,0.047,2,0.17,0.23,0.03,0.01,-0.1,98.77,0.5,5,0.9,44,117,10,1,104,5,28,10,106,plume
,,,,,,,,,,,,,,,,,,,,,,,,,,,,,,,,,,,,,,,,,,,,,,,,,,,,,,,,,
75.1,19.3,700,0.05,4.28,2.27,1.23,16.9,4.23,2.8,0.68,7.7,0.22,7,14.5,2.82,5,4.07,1,278,0.5,0.65,0.5,0.24,0.1,241,1,20.8,1.64,102,50.3,11.8,12.75,9,12.9,2.02,0.4,0.107,1.73,0.18,0.22,0.03,0.01,-0.5,100.89,0.5,5,0.9,59,84,10,1,461,3,25,10,103,plume
,,,,,,,,,,,,,,,,,,,,,,,,,,,,,,,,,,,,,,,,,,,,,,,,,,,,,,,,,
100,25.3,230,0.08,5.18,2.53,1.7,19.8,5.46,3.6,0.92,9.9,0.28,9.4,18.2,3.7,7.1,4.93,1,347,0.7,0.84,0.6,0.29,0.2,301,1,25.7,2.1,134,52.3,13.9,12.45,10.7,7.1,2.44,0.5,0.034,2.14,0.17,0.28,0.04,0.01,-0.4,101.53,0.5,5,0.8,41,112,10,1,97,2,28,10,105,plume
,,,,,,,,,,,,,,,,,,,,,,,,,,,,,,,,,,,,,,,,,,,,,,,,,,,,,,,,,
80.2,21.8,360,0.06,4.93,2.38,1.55,19.5,5.47,3.4,0.9,8.5,0.27,7.6,16.1,3.33,5.3,4.87,1,309,0.5,0.77,0.5,0.3,0.2,290,1,25.3,1.93,125,51.3,13.3,12.35,10.1,8.2,2.26,0.4,0.051,2.03,0.18,0.24,0.04,0.01,-0.5,99.89,0.5,5,0.6,46,120,10,1,146,2,28,10,105,plume
,,,,,,,,,,,,,,,,,,,,,,,,,,,,,,,,,,,,,,,,,,,,,,,,,,,,,,,,,
86.2,23.4,290,0.03,5.34,2.59,1.61,21.1,5.63,3.6,0.95,9,0.28,8.5,17.4,3.45,5.5,4.95,1,325,0.6,0.81,0.6,0.3,0.2,302,1,26.6,2.17,132,50.8,13.5,12.55,10.3,7.2,2.32,0.4,0.04,2.08,0.18,0.23,0.04,0.01,-0.6,98.93,0.5,5,1,44,133,10,1,91,2,29,10,107,plume
,,,,,,,,,,,,,,,,,,,,,,,,,,,,,,,,,,,,,,,,,,,,,,,,,,,,,,,,,
79.6,21.7,430,0.07,4.68,2.39,1.67,19.9,5.55,3.3,0.87,8.3,0.28,7.7,16.9,3.17,5.3,5.06,1,303,0.6,0.8,0.5,0.31,0.2,286,1,24.4,1.86,122,50.5,12.8,12.35,9.7,9.1,2.21,0.4,0.062,1.92,0.18,0.23,0.03,0.01,-0.6,98.79,0.5,5,1.2,49,128,10,1,218,2,28,10,106,plume
,,,,,,,,,,,,,,,,,,,,,,,,,,,,,,,,,,,,,,,,,,,,,,,,,,,,,,,,,
940,48.4,20,3.45,2.37,1.53,0.93,17.9,2.65,3.6,0.46,26.6,0.22,8.3,18.3,5.08,86,3.72,1,439,0.8,0.4,13.1,0.2,3.7,102,3,15,1.62,124,64.7,16.8,5.19,4.8,1.9,3.38,2.8,0.003,0.51,0.09,0.14,0.05,0.1,0.7,101.11,0.5,5,0.5,9,16,30,1,5,16,9,10,58,subduction
,,,,,,,,,,,,,,,,,,,,,,,,,,,,,,,,,,,,,,,,,,,,,,,,,,,,,,,,,
673,35.1,10,2.24,1.49,0.87,0.82,16.5,1.53,2,0.26,19.9,0.14,5,11.9,3.52,70.9,1.85,1,482,0.7,0.23,11.7,0.13,2.5,48,2,8.8,0.84,71,67.7,17.2,2.63,4.8,1,3.83,2.3,0.002,0.23,0.05,0.07,0.06,0.07,0.7,100.45,0.5,5,0.5,5,5,10,1,3,20,4,10,29,subduction
,,,,,,,,,,,,,,,,,,,,,,,,,,,,,,,,,,,,,,,,,,,,,,,,,,,,,,,,,
150,18.5,10,4.58,1.58,1.09,0.27,16.7,1.32,2,0.31,10,0.24,14.5,6.9,1.99,327,1.43,1,66,1.7,0.24,24.4,0.17,9.6,8,6,12.3,1.45,48,76.1,13.4,1.45,0.7,0.1,3.54,5.2,0.002,0.07,0.04,0.01,0.01,0.02,0.4,101.04,0.5,5,0.5,1,6,20,1,1,39,1,10,10,subduction
,,,,,,,,,,,,,,,,,,,,,,,,,,,,,,,,,,,,,,,,,,,,,,,,,,,,,,,,,
930,74.7,30,1.68,3.11,1.78,1.15,20.6,4.34,5.5,0.58,40.2,0.21,13.5,30.9,8.02,87.2,5.38,1,632,1.2,0.53,13.5,0.24,2.9,100,1,18.2,1.55,225,63.7,16,5.51,4.3,2.2,4.02,2.7,0.004,0.68,0.08,0.2,0.07,0.1,0.9,100.41,0.5,5,0.5,13,9,30,1,11,10,8,10,65,subduction
,,,,,,,,,,,,,,,,,,,,,,,,,,,,,,,,,,,,,,,,,,,,,,,,,,,,,,,,,
1175,73.5,50,2.68,3.9,2.16,0.94,20,4.55,5.9,0.73,35.6,0.28,12.9,29.6,8.29,131,5.97,3,375,1.4,0.6,22,0.3,7.5,87,1,22.5,1.95,187,66.4,13.8,4.2,3,2.2,3.32,4,0.006,0.64,0.05,0.17,0.04,0.12,2.3,100.25,0.5,5,0.5,8,2,20,2,10,8,8,10,25,subduction
,,,,,,,,,,,,,,,,,,,,,,,,,,,,,,,,,,,,,,,,,,,,,,,,,,,,,,,,,
64,123,10,4.22,9.88,5.79,0.12,23.8,9.47,11.2,1.81,58.2,0.82,23.8,55.4,14.15,197.5,11.55,2,19,1.8,1.57,19.9,0.83,5.5,7,3,58.1,5.53,362,76.8,12.2,2.33,0.5,0.3,3.85,5.1,0.002,0.12,0.04,0.06,0.01,0.01,0.8,101.98,0.5,14,0.5,1,4,50,2,3,21,1,10,75,subduction
,,,,,,,,,,,,,,,,,,,,,,,,,,,,,,,,,,,,,,,,,,,,,,,,,,,,,,,,,
1190,63.9,30,1.09,2.45,1.12,1.22,17.8,3.42,5.2,0.42,31.4,0.15,8.8,29,7.56,51.9,4.83,1,791,0.6,0.49,5.2,0.16,1.8,70,1,13.2,1.13,203,66.2,15.4,4.19,2.1,1.3,5.46,2.8,0.003,0.6,0.04,0.27,0.09,0.13,3.4,101.85,0.5,5,0.5,6,8,20,1,15,18,6,10,39,subduction
,,,,,,,,,,,,,,,,,,,,,,,,,,,,,,,,,,,,,,,,,,,,,,,,,,,,,,,,,
99.3,22.1,10,2.08,2.57,1.87,0.27,15.9,2.19,2.2,0.59,11.2,0.32,26.7,9.1,2.48,227,2.23,1,26,4,0.4,28.2,0.29,10.6,6,4,16.3,2.22,35,76,12.5,0.95,0.3,0.1,3.03,6.2,0.002,0.08,0.02,0.01,0.01,0.01,0.3,99.39,0.5,5,0.5,1,1,10,1,1,36,1,10,19,subduction
,,,,,,,,,,,,,,,,,,,,,,,,,,,,,,,,,,,,,,,,,,,,,,,,,,,,,,,,,
695,29.2,10,3.01,4.82,3.2,0.79,16.7,4.37,3.9,0.89,12,0.42,4.2,16.1,3.94,58.4,4.12,1,348,0.5,0.69,7.7,0.44,1.7,167,1,26.7,2.92,129,60.4,16.5,7.43,6.1,2.8,3.24,2.3,0.002,0.57,0.14,0.13,0.04,0.08,1.1,100.82,0.5,6,0.5,17,50,10,1,4,9,18,10,71,subduction
,,,,,,,,,,,,,,,,,,,,,,,,,,,,,,,,,,,,,,,,,,,,,,,,,,,,,,,,,
711,26.9,30,1.7,2.93,1.72,0.76,18.1,2.91,3.4,0.53,12.6,0.26,4.2,13.6,3.59,45.6,2.9,1,467,0.4,0.42,3.9,0.25,1,70,1,16.6,1.79,121,64.4,16.1,6.87,4.8,1.6,4.16,1.7,0.004,0.41,0.14,0.16,0.05,0.08,1,101.53,0.5,5,0.5,9,18,20,1,8,6,7,10,71,subduction
,,,,,,,,,,,,,,,,,,,,,,,,,,,,,,,,,,,,,,,,,,,,,,,,,,,,,,,,,
1105,24.6,10,1.56,1.16,0.68,0.53,14.1,1.3,2.4,0.25,13.5,0.15,3.5,8.7,2.58,63.5,1.48,1,207,0.4,0.19,7.2,0.11,1.3,14,1,6.9,0.86,85,75,12.9,3.97,1.9,0.4,3.88,2.6,0.002,0.2,0.05,0.04,0.02,0.12,0.4,101.41,0.5,5,0.5,3,8,10,1,3,16,2,10,42,subduction
,,,,,,,,,,,,,,,,,,,,,,,,,,,,,,,,,,,,,,,,,,,,,,,,,,,,,,,,,
1265,64.2,20,0.87,2.83,1.31,1.13,19.9,3.81,3.9,0.49,43.3,0.17,7.1,23.9,6.94,39.1,4.19,1,606,0.6,0.46,4.3,0.19,1.9,106,1,14,1.2,149,61.9,16.1,6.09,5,2.3,3.78,1.9,0.003,0.66,0.1,0.16,0.07,0.14,2.8,100.9,0.5,5,0.5,12,18,20,10,8,28,8,10,90,subduction
,,,,,,,,,,,,,,,,,,,,,,,,,,,,,,,,,,,,,,,,,,,,,,,,,,,,,,,,,
743,36.8,10,2.22,2.71,1.76,0.36,14.1,2.44,3.5,0.55,16.4,0.27,6.1,14.9,4.49,108.5,2.72,2,151,0.7,0.41,14.1,0.26,3,6,2,16.4,1.99,110,74.8,13.8,1.48,1.6,0.3,4.27,3.7,0.002,0.16,0.05,0.04,0.01,0.08,1.1,101.35,0.5,7,0.5,1,3,10,1,1,20,3,10,36,subduction
,,,,,,,,,,,,,,,,,,,,,,,,,,,,,,,,,,,,,,,,,,,,,,,,,,,,,,,,,
999,41.2,10,7.27,3.96,2.59,0.94,16.3,4.16,4.5,0.84,20.2,0.44,4.8,19.7,5.07,94.8,4.26,1,337,0.6,0.57,10.9,0.35,1.8,73,2,23.2,2.77,158,66.5,15.4,5.63,4.5,1.7,3.72,2.2,0.002,0.48,0.12,0.16,0.04,0.11,0.7,101.18,0.5,5,0.5,10,9,20,1,4,11,9,10,47,subduction
,,,,,,,,,,,,,,,,,,,,,,,,,,,,,,,,,,,,,,,,,,,,,,,,,,,,,,,,,
313,16.7,90,1.75,2.42,1.4,0.69,16.3,2.49,1.6,0.5,9.6,0.22,1.9,7.9,2.04,10.3,2.1,1,435,0.2,0.37,3,0.19,1,228,1,12.7,1.17,57,52.9,16.5,7.6,10.1,5,3.27,0.6,0.011,0.58,0.16,0.09,0.05,0.03,1.5,98.42,0.5,5,0.5,24,22,20,1,12,6,35,10,65,subduction
,,,,,,,,,,,,,,,,,,,,,,,,,,,,,,,,,,,,,,,,,,,,,,,,,,,,,,,,,
779,33.7,10,2.37,1.98,1.59,0.34,12.3,1.92,2.7,0.45,18.2,0.28,6.1,11.4,3.52,97,1.87,1,159,0.7,0.27,13.7,0.24,3.2,8,1,13.1,1.79,83,77.5,12.3,1.7,1.6,0.4,3.75,3,0.002,0.15,0.03,0.04,0.01,0.09,0.5,101,0.5,5,0.5,2,13,10,1,1,7,3,10,13,subduction
,,,,,,,,,,,,,,,,,,,,,,,,,,,,,,,,,,,,,,,,,,,,,,,,,,,,,,,,,
1115,22,10,4.41,1.61,1.12,0.29,12.2,1.35,2.5,0.33,13.2,0.24,4.8,7.4,2.33,117.5,1.47,1,160,0.6,0.23,11.5,0.16,2.8,11,2,9.5,1.23,83,77.2,12.1,1.88,1.3,0.4,3.44,3.7,0.002,0.15,0.06,0.04,0.02,0.12,0.6,100.98,0.5,5,0.5,1,3,30,1,2,10,3,10,15,subduction
,,,,,,,,,,,,,,,,,,,,,,,,,,,,,,,,,,,,,,,,,,,,,,,,,,,,,,,,,
530,40,10,2.55,4.7,2.66,1.07,19.9,4.94,3.8,0.92,18.8,0.41,5,21.7,5.16,52.2,4.58,1,465,0.5,0.74,6.2,0.39,1.5,124,1,24.4,2.49,131,57,18.4,6.61,6.6,2.1,3.94,1.8,0.002,0.66,0.13,0.24,0.05,0.06,0.6,98.22,0.5,5,0.5,12,40,10,1,3,11,13,10,80,subduction
,,,,,,,,,,,,,,,,,,,,,,,,,,,,,,,,,,,,,,,,,,,,,,,,,,,,,,,,,
25.8,25,10,0.19,4.52,2.87,1.45,22.1,4.56,2,0.89,12.7,0.36,2.1,15.7,3.88,1,4.24,2,475,0.2,0.7,2.4,0.34,0.9,380,5,24.4,2.68,72,51.6,16.1,11.35,9.5,3.8,1.04,0,0.002,1.04,0.16,0.17,0.05,0.01,4.2,99.05,0.5,5,0.5,20,21,10,1,4,7,31,10,56,subduction
,,,,,,,,,,,,,,,,,,,,,,,,,,,,,,,,,,,,,,,,,,,,,,,,,,,,,,,,,
309,52.9,10,0.17,3.56,2.28,0.67,13.8,3.52,4.3,0.69,30,0.4,2.5,20.9,5.66,8.4,4.06,3,157,0.3,0.55,10,0.32,3.7,14,2,20.5,2.64,150,75.5,13,2.78,1.3,0.6,5.41,0.4,0.002,0.18,0.02,0.03,0.02,0.03,1.2,100.44,0.8,5,0.5,8,439,10,1,2,4,4,10,27,subduction
,,,,,,,,,,,,,,,,,,,,,,,,,,,,,,,,,,,,,,,,,,,,,,,,,,,,,,,,,
230,13.6,10,1.05,3.4,2.4,0.67,17.6,2.86,2.1,0.71,5.7,0.37,0.9,10.2,2.01,11.2,2.93,1,240,0.2,0.46,1,0.31,0.4,228,1,20.2,2.32,63,52.3,18.5,9.56,9.5,5.2,2.34,0.5,0.002,0.58,0.17,0.06,0.03,0.02,0.9,99.71,0.5,6,0.5,34,91,10,1,11,6,25,10,83,subduction
,,,,,,,,,,,,,,,,,,,,,,,,,,,,,,,,,,,,,,,,,,,,,,,,,,,,,,,,,
765,24.1,10,3.09,1.91,1.19,0.85,20.8,2.22,2.2,0.34,11.7,0.17,2,12.8,3.15,40,2.62,1,987,0.2,0.31,2.2,0.16,0.7,60,1,10.7,1.13,72,59.1,18.1,5.44,6.3,1.7,4.2,1.5,0.002,0.4,0.13,0.23,0.11,0.08,2.9,100.15,0.5,10,0.5,8,7,40,1,1,10,4,10,68,subduction
,,,,,,,,,,,,,,,,,,,,,,,,,,,,,,,,,,,,,,,,,,,,,,,,,,,,,,,,,
447,18.9,30,1.14,1.96,1.16,1.03,21.4,2.26,0.7,0.41,9,0.14,2,12,2.6,24.5,2.82,1,737,0.2,0.35,0.5,0.16,0.3,208,1,10.2,0.89,20,50.9,19.4,8.53,8.9,4.6,3.91,0.8,0.004,0.91,0.15,0.21,0.09,0.05,1.3,99.68,0.5,5,0.7,23,64,10,1,17,7,17,10,98,subduction
,,,,,,,,,,,,,,,,,,,,,,,,,,,,,,,,,,,,,,,,,,,,,,,,,,,,,,,,,
760,55.4,10,5,2.95,1.64,0.62,16.4,3.28,5.2,0.52,28,0.26,8.3,21.2,5.92,175,3.63,1,338,0.9,0.47,33,0.23,9.8,41,2,15.9,1.74,165,71.8,14.4,3.02,2.4,0.9,3.43,4.2,0.002,0.32,0.06,0.08,0.04,0.08,0.8,101.52,0.5,5,0.5,5,244,10,4,4,9,5,10,44,subduction
,,,,,,,,,,,,,,,,,,,,,,,,,,,,,,,,,,,,,,,,,,,,,,,,,,,,,,,,,
795,67,10,4.91,5.27,3.01,0.9,18.7,5.44,8,1.04,32.3,0.44,10.5,29.7,8.04,155,6.11,3,268,0.9,0.83,20,0.42,5.7,67,3,28.6,3.1,288,66.8,15.2,4.81,3.2,1.2,3.73,4.1,0.002,0.51,0.05,0.13,0.03,0.09,1.3,101.08,0.5,6,0.5,6,13,30,1,5,15,9,10,41,subduction
,,,,,,,,,,,,,,,,,,,,,,,,,,,,,,,,,,,,,,,,,,,,,,,,,,,,,,,,,
875,34.2,10,7.31,2.84,1.93,0.38,13.9,2.38,3.8,0.55,20.1,0.32,4.5,12.7,3.64,152.5,2.6,1,140,0.7,0.41,18.4,0.28,3.2,29,4,17.2,2.02,117,74.5,13,2.85,1.9,0.4,3.87,3.2,0.002,0.19,0.04,0.04,0.01,0.1,0.6,100.64,0.5,5,0.5,2,9,10,1,2,6,4,10,19,subduction
,,,,,,,,,,,,,,,,,,,,,,,,,,,,,,,,,,,,,,,,,,,,,,,,,,,,,,,,,
766,50.1,20,2.69,2.87,1.81,0.75,18,2.96,5.3,0.51,26.5,0.26,6.4,20.3,5.66,88.8,3.52,1,386,0.7,0.43,15.6,0.24,2.8,77,1,15.5,1.77,194,67.8,15.5,4.4,3.9,1.7,3.82,2.8,0.002,0.46,0.08,0.11,0.04,0.08,0.9,101.51,0.5,5,0.5,9,8,20,1,8,8,8,10,42,subduction
,,,,,,,,,,,,,,,,,,,,,,,,,,,,,,,,,,,,,,,,,,,,,,,,,,,,,,,,,
768,36.3,40,1.85,3.76,2.57,1.19,20.5,4.03,3,0.74,18.2,0.34,4.5,18.6,4.74,50.7,4.1,1,329,0.4,0.59,7.3,0.34,1.7,175,1,21,2.46,107,57.9,16.7,8.67,6.8,3.4,3.82,1.3,0.005,0.79,0.21,0.22,0.04,0.08,1.2,101.13,0.5,5,0.5,19,13,10,1,13,3,15,10,91,subduction
,,,,,,,,,,,,,,,,,,,,,,,,,,,,,,,,,,,,,,,,,,,,,,,,,,,,,,,,,
852,25.8,20,0.95,0.92,0.6,0.56,21.6,1.38,3.2,0.16,13.5,0.09,2.4,11.5,3.09,32.1,1.81,1,1020,0.3,0.18,2.8,0.07,1,54,1,5.4,0.48,116,68.2,16.8,3.23,3.8,1,5.58,1.5,0.002,0.34,0.06,0.13,0.12,0.09,0.6,101.44,0.5,5,0.5,6,6,20,1,8,3,3,10,39,subduction
,,,,,,,,,,,,,,,,,,,,,,,,,,,,,,,,,,,,,,,,,,,,,,,,,,,,,,,,,
387,27.1,100,1.06,2.67,1.39,1.29,24.2,3.4,1.9,0.46,11,0.12,3.1,18.6,3.98,23.6,3.91,1,1205,0.2,0.48,1.3,0.18,0.4,192,1,12.6,1.08,56,52.4,18.1,7.49,8.7,5.2,3.96,0.9,0.014,0.99,0.12,0.35,0.14,0.04,1.7,100.08,0.5,5,0.5,25,16,10,1,55,7,15,10,76,subduction
,,,,,,,,,,,,,,,,,,,,,,,,,,,,,,,,,,,,,,,,,,,,,,,,,,,,,,,,,
174.5,13.4,100,0.75,2.34,1.39,0.65,14.1,2.27,1.1,0.43,5.2,0.17,2,8.2,1.86,9.9,2,1,278,0.2,0.36,1,0.16,0.3,393,1,12.7,1.29,35,46.7,13.3,13,11.5,10.1,1.64,0.4,0.015,0.69,0.22,0.07,0.03,0.02,1.3,98.9,0.5,5,0.6,54,101,10,1,32,11,51,10,102,subduction
,,,,,,,,,,,,,,,,,,,,,,,,,,,,,,,,,,,,,,,,,,,,,,,,,,,,,,,,,
738,35.5,10,3.16,4.14,3.12,1.33,18.7,4.11,7.3,0.9,17.7,0.49,2.2,16.5,4.3,44,4.04,2,311,0.2,0.62,6.3,0.39,2.1,47,2,26.5,3.36,266,66.2,16.6,5.22,4.4,0.9,4.48,1.6,0.002,0.45,0.07,0.12,0.03,0.08,0.7,100.86,0.5,5,0.5,6,26,10,1,3,7,9,10,45,subduction
,,,,,,,,,,,,,,,,,,,,,,,,,,,,,,,,,,,,,,,,,,,,,,,,,,,,,,,,,
874,51.6,10,1.11,8.24,5.26,1.89,20.9,8.29,5.2,1.67,23,0.78,5.3,30.6,7.2,32.4,7.22,1,311,0.4,1.25,6,0.71,1.7,64,1,43.8,4.89,194,60.5,14.9,9.29,4.6,1.9,4.58,1.1,0.002,1.07,0.15,0.41,0.04,0.1,1.7,100.32,0.5,5,0.5,15,16,10,1,2,4,17,10,53,subduction
,,,,,,,,,,,,,,,,,,,,,,,,,,,,,,,,,,,,,,,,,,,,,,,,,,,,,,,,,
196.5,15.2,110,0.24,2.17,1.25,0.78,16.5,2.57,1.2,0.47,7,0.18,1,9.1,2.16,3,2.34,1,434,0.1,0.35,1.3,0.17,0.3,279,1,11.2,1.13,43,47.2,18.3,10.75,12.8,8.2,1.62,0.3,0.016,0.64,0.18,0.12,0.05,0.02,0.3,100.52,0.5,5,0.5,41,12,10,1,46,3,36,10,71,subduction
,,,,,,,,,,,,,,,,,,,,,,,,,,,,,,,,,,,,,,,,,,,,,,,,,,,,,,,,,
1800,29.9,10,0.54,4.59,2.91,0.73,17.1,4.36,6.7,0.93,12.4,0.47,5.7,17.6,4.27,82.4,3.99,1,191,0.5,0.7,20.9,0.43,4.9,45,1,26.8,3.27,221,71.3,13.9,3.7,2.4,0.9,3.23,4.9,0.002,0.36,0.04,0.05,0.02,0.19,0.9,101.85,0.5,5,0.5,4,6,10,1,3,5,8,10,22,subduction
,,,,,,,,,,,,,,,,,,,,,,,,,,,,,,,,,,,,,,,,,,,,,,,,,,,,,,,,,
1130,27.8,10,1.91,3.02,1.6,1.03,18.3,2.98,3.7,0.51,12.8,0.28,3.6,16.8,3.65,44.7,3.73,1,474,0.4,0.46,3.4,0.25,1.2,59,1,15.1,1.69,120,65.5,16.3,5.22,5,1.6,3.87,1.8,0.002,0.46,0.16,0.16,0.06,0.14,0.7,101.01,0.5,5,0.5,8,5,10,1,3,23,7,10,92,subduction
,,,,,,,,,,,,,,,,,,,,,,,,,,,,,,,,,,,,,,,,,,,,,,,,,,,,,,,,,
624,37.6,10,6.06,6.47,4.28,1.08,21.6,5.78,4.2,1.3,18.2,0.69,7.6,18.9,4.84,76,4.82,2,498,1,0.9,4.5,0.62,3.6,97,1,39.9,4.68,141,60.4,17.6,6.9,5.8,2.1,4.12,1.5,0.002,0.54,0.16,0.18,0.06,0.07,1.5,100.87,0.5,7,0.5,13,4,10,1,4,9,12,10,80,subduction
,,,,,,,,,,,,,,,,,,,,,,,,,,,,,,,,,,,,,,,,,,,,,,,,,,,,,,,,,
676,49.7,40,3.17,4.28,2.15,1.22,21.3,5.07,4.9,0.78,20.7,0.25,11.4,28.2,6.83,74.2,6.11,2,521,0.8,0.74,8.9,0.28,3,120,3,21,1.85,174,60.9,16.3,6.44,4.8,2.6,4.45,2.6,0.006,0.88,0.1,0.25,0.06,0.07,1.2,100.58,0.5,7,0.5,15,41,20,1,18,8,13,10,75,subduction
,,,,,,,,,,,,,,,,,,,,,,,,,,,,,,,,,,,,,,,,,,,,,,,,,,,,,,,,,
295,20.5,30,7.11,2.12,1.24,1.04,23.4,2.68,1,0.46,9,0.14,3.2,12.9,2.87,72.3,2.63,1,783,0.2,0.35,0.6,0.16,0.4,239,4,11.5,1.05,36,50.6,19.3,9.17,8.8,4.5,3.73,1,0.004,1.12,0.12,0.22,0.09,0.03,1.1,99.78,0.5,5,0.5,24,9,20,1,13,8,17,10,73,subduction
,,,,,,,,,,,,,,,,,,,,,,,,,,,,,,,,,,,,,,,,,,,,,,,,,,,,,,,,,
783,47.3,10,4.06,2.55,1.65,0.57,17.6,2.6,6.3,0.46,24.4,0.28,13,19.3,5.24,218,3.42,2,56,1.2,0.38,23,0.23,5,8,6,14.5,1.64,174,75,13.5,1.43,0.6,0.2,4.24,4.8,0.002,0.18,0.04,0.03,0.01,0.09,0.5,100.53,0.5,5,0.5,1,3,20,1,1,14,2,10,30,subduction
,,,,,,,,,,,,,,,,,,,,,,,,,,,,,,,,,,,,,,,,,,,,,,,,,,,,,,,,,
122,10.7,70,0.19,1.59,0.9,0.86,22.2,1.88,0.5,0.31,4.9,0.09,0.5,7.8,1.63,3,1.79,4,843,0.1,0.26,0.5,0.13,0.2,292,1,7.6,0.81,19,48.1,19.8,9.01,10.7,5.9,2.8,0.2,0.009,0.69,0.14,0.06,0.1,0.01,1.2,98.65,0.5,5,0.5,29,19,10,1,33,2,19,10,70,subduction
,,,,,,,,,,,,,,,,,,,,,,,,,,,,,,,,,,,,,,,,,,,,,,,,,,,,,,,,,
486,41.2,80,7.66,4.55,2.8,1.19,19.7,4.51,4.6,0.86,19.3,0.36,5.9,22.2,5.13,80,5.21,2,357,0.6,0.66,8.3,0.39,2.2,209,2,23.6,2.51,154,56.1,16.7,8.07,7.1,4.1,2.96,1.9,0.01,0.79,0.13,0.16,0.04,0.05,0.6,98.65,0.5,7,0.5,21,56,20,1,21,14,22,10,78,subduction
,,,,,,,,,,,,,,,,,,,,,,,,,,,,,,,,,,,,,,,,,,,,,,,,,,,,,,,,,
414,49.1,10,3.33,3.63,2.08,1.2,18.9,3.95,3.4,0.65,23.3,0.29,4.6,24,5.89,53.6,4.9,2,559,0.3,0.54,10.6,0.29,2.9,209,1,18.2,2.06,118,57,17.6,7.65,7.3,3.3,3.23,1.7,0.002,0.63,0.12,0.16,0.07,0.05,1.2,100.04,0.5,5,0.5,15,70,10,1,8,8,18,10,50,subduction
,,,,,,,,,,,,,,,,,,,,,,,,,,,,,,,,,,,,,,,,,,,,,,,,,,,,,,,,,
92.5,25.3,10,2.22,4.15,2.73,0.92,17.8,4,4.3,0.9,8.1,0.41,3.5,17.4,3.85,6.8,3.77,1,299,0.3,0.63,7.3,0.37,1.7,192,1,24.2,2.67,138,57.8,17,1.76,8.4,3,7.37,0.4,0.002,0.71,0.03,0.08,0.04,0.01,2.5,99.11,0.5,5,0.5,3,21,10,1,4,2,16,10,10,subduction
,,,,,,,,,,,,,,,,,,,,,,,,,,,,,,,,,,,,,,,,,,,,,,,,,,,,,,,,,
523,13.7,20,2.02,2.14,1.48,0.42,18.1,2.07,1.9,0.51,6.4,0.26,0.9,8.1,1.78,36,1.85,1,710,0.1,0.33,1.6,0.23,0.3,135,4,13.1,1.52,64,56.9,17.8,2.57,7.9,5.4,5.57,1.5,0.002,0.55,0.11,0.01,0.09,0.06,2,100.5,0.5,5,0.5,6,4,20,1,6,2,16,10,33,subduction
,,,,,,,,,,,,,,,,,,,,,,,,,,,,,,,,,,,,,,,,,,,,,,,,,,,,,,,,,
639,31.7,10,2.75,1.37,1,0.32,13.6,1.37,3.8,0.3,18.7,0.2,3.5,10.6,3.15,136,1.66,1,141,0.5,0.2,18.1,0.14,3.3,22,1,9,1.31,110,76,13.4,1.7,1.4,0.3,3.59,4.2,0.002,0.15,0.03,0.02,0.01,0.07,0.5,101.35,0.5,5,0.5,1,5,10,1,1,13,2,10,9,subduction
,,,,,,,,,,,,,,,,,,,,,,,,,,,,,,,,,,,,,,,,,,,,,,,,,,,,,,,,,
870,78.4,30,9.57,5.34,3.34,1.36,19.8,7.13,3.2,1.13,36.8,0.43,8.8,42.4,10.1,152.5,8.59,2,409,0.6,0.93,18.7,0.47,5.5,200,3,29.3,2.74,91,56.6,16.5,8.82,6.1,3.1,3.58,3.3,0.003,0.85,0.15,0.38,0.05,0.1,0.3,99.87,0.5,7,0.5,21,157,20,3,13,17,21,10,86,subduction
,,,,,,,,,,,,,,,,,,,,,,,,,,,,,,,,,,,,,,,,,,,,,,,,,,,,,,,,,
1010,91.4,10,19.05,5.91,3.7,1.19,19.1,7.1,8,1.18,44.5,0.48,10.4,44.8,11.15,226,9,4,276,0.8,0.95,35.8,0.45,8.3,105,3,31.6,3.47,280,60.4,16,6.95,4.1,1.8,3.59,4.5,0.002,0.75,0.12,0.27,0.03,0.12,0.5,99.03,0.5,8,0.5,14,150,30,1,4,23,15,10,73,subduction
,,,,,,,,,,,,,,,,,,,,,,,,,,,,,,,,,,,,,,,,,,,,,,,,,,,,,,,,,
234,41.2,10,0.96,4.85,2.64,2.07,19.8,5.81,3.6,0.99,16.3,0.41,5.3,28.1,5.79,9.3,6.23,1,530,0.3,0.78,3.1,0.34,0.8,159,1,24.9,2.55,149,54.8,19.1,5.8,9.2,3.4,5.24,0.5,0.002,1.07,0.08,0.38,0.06,0.03,1,100.61,0.5,5,0.5,14,18,10,1,6,2,18,10,19,subduction
,,,,,,,,,,,,,,,,,,,,,,,,,,,,,,,,,,,,,,,,,,,,,,,,,,,,,,,,,
1125,64.2,10,8.51,4.58,2.92,1.06,18.3,5.53,5.1,0.84,30.3,0.39,7.7,33,7.98,160.5,6.78,3,361,0.5,0.78,14.8,0.39,4.1,123,1,25,2.7,172,61.8,16.5,7.1,4.7,2.1,3.3,4.1,0.002,0.63,0.12,0.2,0.05,0.13,0.9,101.6,0.5,5,0.5,14,90,20,3,5,12,14,10,59,subduction
,,,,,,,,,,,,,,,,,,,,,,,,,,,,,,,,,,,,,,,,,,,,,,,,,,,,,,,,,
660,47.2,10,3.58,1.91,1.41,0.77,15.3,1.91,2.9,0.37,24.3,0.22,6.6,17.7,4.92,96.2,2.97,1,393,0.8,0.3,16.4,0.17,3.9,74,1,11.1,1.42,79,68.4,15.3,3.82,4.1,1.4,2.87,2.9,0.002,0.32,0.09,0.1,0.05,0.08,0.8,100.24,0.5,5,0.5,7,4,20,1,2,21,9,10,49,subduction
,,,,,,,,,,,,,,,,,,,,,,,,,,,,,,,,,,,,,,,,,,,,,,,,,,,,,,,,,
732,28.6,10,2.25,2,1.35,0.44,12.9,1.72,3.7,0.4,15.2,0.25,5.5,12.5,3.34,117.5,2.3,1,170,0.4,0.27,11.6,0.2,3,15,1,11.7,1.57,126,74,14.1,2.31,1.5,0.4,3.58,4,0.002,0.18,0.04,0.05,0.02,0.09,1.1,101.3,0.5,5,0.5,1,16,10,4,1,10,3,10,140,subduction
,,,,,,,,,,,,,,,,,,,,,,,,,,,,,,,,,,,,,,,,,,,,,,,,,,,,,,,,,
323,17.6,40,6.67,2.78,1.71,0.79,16.5,2.87,3.6,0.58,7.1,0.25,6.2,11.9,2.76,64.3,3.3,2,301,0.4,0.4,1.3,0.26,1,104,1,15.1,1.65,123,61.1,17,6.33,6,2.8,2.38,1.7,0.005,0.62,0.11,0.13,0.04,0.04,1.9,100.17,0.5,5,0.5,11,10,40,1,5,13,17,10,71,subduction
,,,,,,,,,,,,,,,,,,,,,,,,,,,,,,,,,,,,,,,,,,,,,,,,,,,,,,,,,
287,29,10,3.87,1.95,1.27,0.75,16.5,2.17,2.7,0.39,15.5,0.16,3.8,14.5,3.4,70,2.93,1,343,0.3,0.29,3.4,0.16,0.7,109,47,10.6,1.06,85,61.8,16.6,5.59,5.3,2.5,3.02,1.7,0.002,0.48,0.1,0.15,0.05,0.04,1.7,99.05,0.5,5,0.5,12,29,10,1,4,23,12,10,53,subduction
,,,,,,,,,,,,,,,,,,,,,,,,,,,,,,,,,,,,,,,,,,,,,,,,,,,,,,,,,
461,39.3,10,0.65,2.11,1.31,0.77,13.7,2.38,2.5,0.42,20.2,0.21,2.3,18.1,4.58,50.7,3.26,1,206,0.2,0.34,11,0.18,1.6,47,1,11.3,1.39,82,68.1,15.4,4.4,2.1,1.6,4.46,3,0.002,0.25,0.11,0.09,0.03,0.06,1.2,100.66,0.5,5,0.5,6,8,10,1,2,9,7,10,48,subduction
,,,,,,,,,,,,,,,,,,,,,,,,,,,,,,,,,,,,,,,,,,,,,,,,,,,,,,,,,
243,32.4,20,2.87,4.12,2.49,0.9,15.5,4.29,3.6,0.81,13.9,0.32,2.6,19.9,4.42,37.7,4.86,1,249,0.2,0.64,4,0.34,0.6,251,1,21.5,2.26,112,52.2,15.1,11.95,7.6,5.1,2.38,1.4,0.003,0.91,0.2,0.19,0.03,0.03,2.5,99.51,0.5,12,0.5,41,862,10,1,21,26,38,10,149,subduction
,,,,,,,,,,,,,,,,,,,,,,,,,,,,,,,,,,,,,,,,,,,,,,,,,,,,,,,,,
458,54.2,10,2.72,3.64,2.38,0.8,16.4,4.08,3.8,0.72,26.7,0.36,14,23.6,6.21,145.5,4.49,3,206,1.5,0.59,14.5,0.31,1.9,30,1,21.5,2.4,119,73.1,14.1,3.04,1.8,0.7,3.28,3.9,0.002,0.21,0.07,0.07,0.02,0.05,1.3,101.62,0.5,5,0.5,3,9,20,1,4,19,5,10,21,subduction
,,,,,,,,,,,,,,,,,,,,,,,,,,,,,,,,,,,,,,,,,,,,,,,,,,,,,,,,,
1020,32.1,10,2.77,2.36,1.43,0.9,15.7,2.87,2.8,0.48,15.1,0.2,3.2,17.7,4.11,103,3.62,1,450,0.3,0.38,8.9,0.2,2.2,113,1,12.2,1.41,100,63,16.2,6,5.2,2.1,3.09,3.1,0.002,0.4,0.13,0.18,0.06,0.12,1,100.59,0.5,5,0.5,12,17,20,1,6,11,10,10,51,subduction
,,,,,,,,,,,,,,,,,,,,,,,,,,,,,,,,,,,,,,,,,,,,,,,,,,,,,,,,,
830,73.5,10,18.05,3.87,2.39,1.04,17.5,4.63,12.4,0.8,34.4,0.36,8.2,33.9,8.55,135,6.16,2,320,0.6,0.65,15.9,0.33,4.5,121,4,21.3,2.3,438,59.9,16.6,7.97,4.5,2.4,3.24,4,0.002,0.9,0.12,0.2,0.05,0.11,1.1,101.02,0.5,8,0.5,16,133,40,1,9,28,13,10,80,subduction
,,,,,,,,,,,,,,,,,,,,,,,,,,,,,,,,,,,,,,,,,,,,,,,,,,,,,,,,,
397,19.9,10,2.41,2.52,1.56,0.84,17.9,2.67,3.1,0.49,9.3,0.2,2.9,13,2.92,64.4,3.16,2,379,0.2,0.4,6.3,0.19,1.3,198,1,13.7,1.5,104,55.7,17.5,8.62,6.3,3.4,4.03,2.3,0.002,0.83,0.07,0.16,0.05,0.05,2.3,101.25,0.5,14,0.5,19,78,10,1,11,5,19,10,31,subduction
,,,,,,,,,,,,,,,,,,,,,,,,,,,,,,,,,,,,,,,,,,,,,,,,,,,,,,,,,
146.5,12.1,120,0.35,1.48,0.88,0.71,13.8,1.65,0.9,0.3,5.9,0.12,3.6,6.5,1.45,8.4,1.51,1,317,0.3,0.24,1,0.1,0.2,73,1,7.4,0.86,28,47.4,18.4,10.75,9.2,9.3,2.51,0.5,0.018,0.61,0.15,0.04,0.05,0.02,0.8,99.66,0.5,5,0.5,52,48,20,1,147,4,16,10,73,subduction
,,,,,,,,,,,,,,,,,,,,,,,,,,,,,,,,,,,,,,,,,,,,,,,,,,,,,,,,,
386,148.5,10,3.84,6.65,3.68,1.79,29.1,6.99,15.7,1.25,84.7,0.59,213,50.6,14.85,129,9.05,6,205,12.1,1,28.7,0.52,9.1,16,2,34.6,3.81,830,54.4,19.4,5.76,1.9,0.7,9.3,5.4,0.002,0.67,0.15,0.22,0.02,0.04,2.6,100.57,0.5,14,0.5,6,8,70,9,2,28,2,10,99,subduction
,,,,,,,,,,,,,,,,,,,,,,,,,,,,,,,,,,,,,,,,,,,,,,,,,,,,,,,,,
1300,77.1,10,2.04,1,0.41,0.93,27.1,2.09,7.1,0.14,45.5,0.05,8.6,30.9,8.7,139,3.84,2,306,0.7,0.2,14,0.05,2,28,1,4.4,0.36,245,70.6,14.9,3.33,1.5,0.6,3.67,4.7,0.002,0.4,0.03,0.08,0.04,0.15,1.1,101.09,0.5,6,0.5,3,4,40,2,4,26,2,10,81,subduction
,,,,,,,,,,,,,,,,,,,,,,,,,,,,,,,,,,,,,,,,,,,,,,,,,,,,,,,,,
850,61.9,10,4.54,3.59,2.2,0.93,19,3.77,5,0.7,31.3,0.33,19.2,24.7,6.73,171,4.34,3,177,1.5,0.59,12.5,0.31,4.4,29,1,20.2,2.15,169,71.1,13.8,2.91,1.6,0.7,3.74,4.1,0.002,0.32,0.07,0.07,0.02,0.09,0.9,99.26,0.5,5,0.5,4,4,30,1,4,19,6,10,40,subduction
,,,,,,,,,,,,,,,,,,,,,,,,,,,,,,,,,,,,,,,,,,,,,,,,,,,,,,,,,
586,26.7,10,1.75,2.28,1.31,0.87,22.2,2.15,3.5,0.4,12.9,0.23,14.1,13.8,3.42,42.4,2.72,1,175,1,0.33,5,0.21,1.5,47,1,12.2,1.39,127,61.1,18.5,4.75,1.7,1,7.74,1.5,0.002,0.39,0.06,0.27,0.02,0.06,2,99.05,0.5,5,0.5,5,177,20,1,2,13,3,10,52,subduction
,,,,,,,,,,,,,,,,,,,,,,,,,,,,,,,,,,,,,,,,,,,,,,,,,,,,,,,,,
437,8.2,10,1.47,1.24,0.64,0.57,17.6,1.35,2.1,0.22,3.5,0.09,2.4,6.1,1.17,28.1,1.61,1,523,0.2,0.21,0.7,0.07,0.8,89,1,5.8,0.51,70,60.1,17.4,6.14,5.1,2.3,4.02,1.7,0.002,0.59,0.08,0.11,0.08,0.06,1.2,98.85,0.5,5,0.5,17,57,20,1,20,10,8,10,71,subduction
,,,,,,,,,,,,,,,,,,,,,,,,,,,,,,,,,,,,,,,,,,,,,,,,,,,,,,,,,
323,61.5,50,0.38,4.05,2.27,1.66,21.4,5.38,8.6,0.73,32.3,0.26,8.8,29.3,7,33.2,6.41,1,599,0.6,0.64,5,0.32,1.8,229,2,20.6,2.14,325,55.1,17.8,7.85,6.2,3.8,4.47,1.3,0.007,1.08,0.07,0.29,0.06,0.03,2.2,100.21,0.5,5,0.5,19,23,10,1,27,12,18,10,45,subduction
,,,,,,,,,,,,,,,,,,,,,,,,,,,,,,,,,,,,,,,,,,,,,,,,,,,,,,,,,
446,37.7,10,1.37,3.09,1.96,0.75,20.3,3.36,2.1,0.6,24.7,0.25,1.9,15.2,3.95,42.2,3.41,1,500,0.2,0.51,2.9,0.26,1.6,307,3,16.6,1.85,76,50.1,20.7,6.97,9.8,4.6,3.67,1,0.002,0.84,0.18,0.15,0.06,0.05,2.7,100.75,0.5,9,0.5,26,64,10,1,24,13,26,10,107,subduction
,,,,,,,,,,,,,,,,,,,,,,,,,,,,,,,,,,,,,,,,,,,,,,,,,,,,,,,,,
1110,33.1,10,0.67,6.41,4.14,0.35,15.1,6,8.6,1.34,11.3,0.61,10.5,25.5,5.5,99.8,6.75,2,124,0.8,0.93,29.8,0.63,6.8,10,1,39.2,4.25,248,75.6,12.3,2.29,0.6,0.1,3.46,5.4,0.002,0.15,0.01,0.01,0.01,0.12,0.6,100.6,0.5,5,0.5,2,14,10,1,3,4,3,10,11,subduction
,,,,,,,,,,,,,,,,,,,,,,,,,,,,,,,,,,,,,,,,,,,,,,,,,,,,,,,,,
381,83.2,50,0.65,4.73,2.52,2.11,21.1,6.75,3.3,0.88,30.6,0.33,3.8,46.7,11.15,27.6,8.94,3,564,0.4,0.84,8.2,0.32,3.4,277,1,21.9,2.31,121,56.6,18,2.65,7.6,5.4,5.23,1,0.006,0.92,0.07,0.15,0.06,0.04,2.5,100.25,0.5,5,0.6,8,5,10,1,20,2,25,10,45,subduction
,,,,,,,,,,,,,,,,,,,,,,,,,,,,,,,,,,,,,,,,,,,,,,,,,,,,,,,,,
18.4,978,10,0.6,8.74,3.28,5.81,20,18.8,1.3,1.34,676,0.4,1.3,299,90.9,2.7,36.7,4,42,0.1,1.86,4.7,0.42,6.9,106,1,33.7,2.5,47,37.5,5.7,29.8,5.3,2.3,0.02,0.1,0.002,0.13,0.21,0.28,0.01,0.01,11.4,92.73,87.4,152,5.8,253,10000,10,1,91,32,18,10,2000,subduction
,,,,,,,,,,,,,,,,,,,,,,,,,,,,,,,,,,,,,,,,,,,,,,,,,,,,,,,,,
7270,337,10,5.54,7.36,4.21,2.14,15,12.7,11.6,1.26,199,0.69,9.5,137,37,113.5,21.6,3,70,0.7,1.32,21.8,0.55,12.8,112,4,34.2,4.38,396,58.9,15.4,8.23,0.9,2.3,0.52,9.4,0.002,0.42,0.16,0.13,0.01,0.75,2.5,99.49,7.7,7,1.2,11,2980,20,2,7,93,16,10,385,subduction
,,,,,,,,,,,,,,,,,,,,,,,,,,,,,,,,,,,,,,,,,,,,,,,,,,,,,,,,,
6570,91.2,10,1.23,3.87,2.86,0.89,9.7,4.34,8.4,0.8,55.5,0.5,7.7,37.7,10.15,90.6,6.81,2,84,0.6,0.57,17.4,0.45,8.4,28,2,22.4,3.27,296,59.4,14.9,10.3,0.8,1.1,0.74,9.5,0.002,0.42,0.11,0.11,0.01,0.85,3.3,101.49,17.4,29,1.9,61,6420,10,2,21,152,11,10,490,subduction
,,,,,,,,,,,,,,,,,,,,,,,,,,,,,,,,,,,,,,,,,,,,,,,,,,,,,,,,,
767,53.1,10,0.99,1.19,0.45,1.27,20.6,2.6,5.4,0.19,25.6,0.09,5.5,26.3,6.68,26.1,4.44,1,449,0.3,0.27,4.9,0.07,0.9,14,1,5.3,0.57,178,73.3,14.8,3.37,3.3,0.5,4.08,1.2,0.002,0.26,0.04,0.09,0.05,0.08,0.2,101.22,0.5,5,0.5,3,1,20,1,1,10,3,10,86,subduction
,,,,,,,,,,,,,,,,,,,,,,,,,,,,,,,,,,,,,,,,,,,,,,,,,,,,,,,,,
689,20.3,20,1.36,3.1,1.45,1.04,22.9,3.53,3.7,0.57,7.3,0.22,5.4,14,3.15,48.2,3.58,1,440,0.5,0.46,0.5,0.23,0.6,118,1,17.4,1.67,138,60.8,17.2,7.44,6.3,2.9,3.45,1.5,0.003,0.93,0.1,0.18,0.05,0.07,0.7,101.51,0.5,5,0.5,14,6,20,1,5,6,10,10,98,subduction
,,,,,,,,,,,,,,,,,,,,,,,,,,,,,,,,,,,,,,,,,,,,,,,,,,,,,,,,,
1055,37,10,3.84,2.17,1.42,0.95,21.8,2.65,4.9,0.47,18.7,0.23,9.5,17,4.35,96.4,3.25,2,324,0.8,0.4,8.5,0.18,1.4,32,1,14.3,1.37,167,70.6,14.6,4.7,3.1,0.9,3.88,2.2,0.002,0.42,0.06,0.12,0.04,0.11,0.7,101.33,0.5,5,0.5,4,2,30,1,4,11,4,10,82,subduction
,,,,,,,,,,,,,,,,,,,,,,,,,,,,,,,,,,,,,,,,,,,,,,,,,,,,,,,,,
960,47.8,10,4.32,4.17,2.27,0.7,16.5,4.12,6,0.76,22.2,0.34,6.8,21.3,5.44,113.5,4.63,2,137,0.7,0.64,11.8,0.3,2.4,25,1,21.8,2.14,183,75.3,13.2,3.12,1.9,0.5,3.3,3.1,0.002,0.26,0.05,0.08,0.01,0.1,0.7,101.58,0.5,5,0.5,3,1,30,1,2,12,7,10,50,subduction
,,,,,,,,,,,,,,,,,,,,,,,,,,,,,,,,,,,,,,,,,,,,,,,,,,,,,,,,,
1255,45.4,10,1.88,3.98,2.28,0.63,17.4,4.21,4.2,0.75,21.3,0.23,5,20.4,5.41,98.5,4.37,1,158,0.5,0.64,6,0.3,1.1,22,2,22.6,1.9,134,73.7,13.4,2.92,1.9,0.4,3.68,3.6,0.002,0.21,0.04,0.04,0.01,0.13,0.5,100.39,0.5,5,0.5,3,1,10,1,1,10,5,10,39,subduction
,,,,,,,,,,,,,,,,,,,,,,,,,,,,,,,,,,,,,,,,,,,,,,,,,,,,,,,,,
3190,32.4,30,2.76,4.05,2.47,1,18.2,4.04,4.7,0.77,15.4,0.29,6.6,17.6,4.15,116,4.06,1,268,0.4,0.63,5.8,0.32,1,93,1,23,2.09,174,65.8,15,5.72,3.8,1.8,2.68,3.8,0.004,0.65,0.09,0.17,0.03,0.33,1,100.82,0.5,5,0.5,8,11,20,1,5,19,14,10,77,subduction
,,,,,,,,,,,,,,,,,,,,,,,,,,,,,,,,,,,,,,,,,,,,,,,,,,,,,,,,,
28.3,2.1,120,0.01,0.19,0.09,0.28,15.1,0.28,0.1,0.03,1,0.02,0.2,0.9,0.23,0.4,0.24,1,520,0.1,0.04,0.3,0.01,0.05,18,1,0.8,0.1,3,43.3,25.2,6.91,13.5,10.4,0.81,0,0.017,0.06,0.08,0.01,0.05,0.01,0.9,101.14,0.5,5,0.5,40,2,10,1,68,2,2,10,48,subduction
,,,,,,,,,,,,,,,,,,,,,,,,,,,,,,,,,,,,,,,,,,,,,,,,,,,,,,,,,
265,25.3,80,4.48,5.13,3.21,0.93,17,4.39,3.4,0.98,10.8,0.41,4.2,16.2,3.55,61.3,4.25,2,258,0.4,0.8,5.1,0.41,1.8,188,1,27.9,2.93,100,60.3,15.5,7.64,6.8,3.9,3.15,1.4,0.01,0.92,0.11,0.15,0.02,0.03,0.4,100.19,0.5,10,0.5,21,54,20,2,37,10,22,10,79,subduction
